Row Labels,Count of Valuation,,Row Labels,Count of Industry,,Row Labels,Count of Valuation,,Row Labels,Count of Valuation,,,,,,,,,
Artificial intelligence,84,,2017,269,,China,173,,Asia,310,,,,,,,Row Labels,Count of Funding,Count of Valuation
E-commerce & direct-to-consumer,111,,2018,365,,India,65,,Europe,143,,,,,,,Africa,3,3
Fintech,224,,2019,365,,United States,562,,North America,589,,,,,,,Asia,310,310
Health,74,,2020,75,,Grand Total,800,,Grand Total,1042,,,,,,,Europe,143,143
Internet software & services,205,,Grand Total,1074,,,,,,,,,,,,,North America,589,589
Grand Total,698,,,,,,,,,,,,,,,,Oceania,8,8
,,,,,,,,,,,,,,,,,South America,21,21
,,,,,,,,,,,,,,,,,(blank),,
Row Labels,Count of Company,,Row Labels,Count of Industry,Count of Country,,Row Labels,Count of Industry,Count of Company,,Row Labels,Count of Funding,,Row Labels,Count of Valuation,,Grand Total,1074,1074
General Atlantic,2,,General Atlantic,2,2,,2017,269,269,,1047 Games,1,,Beijing,63,,,,
"Global Founders Capital, Shea Ventures, Greycroft",2,,"Global Founders Capital, Shea Ventures, Greycroft",2,2,,2018,365,365,,$127M,1,,Bengaluru,29,,,,
"Greylock Partners, Google Ventures, BlackRock",2,,"Greylock Partners, Google Ventures, BlackRock",2,2,,2019,365,365,,1KMXC,1,,Berlin,17,,,,
"Insight Partners, Sequoia Capital, Index Ventures",2,,"Insight Partners, Sequoia Capital, Index Ventures",2,2,,2020,75,75,,$86M,1,,London,34,,,,
"Pelion Venture Partners, Foundation Capital, Thoma Bravo",2,,"Pelion Venture Partners, Foundation Capital, Thoma Bravo",2,2,,Grand Total,1074,1074,,1Password,1,,New York,103,,,,
"Qualcomm Ventures, Accel, Canaan Partners",2,,"Qualcomm Ventures, Accel, Canaan Partners",2,2,,,,,,$920M,1,,Palo Alto,18,,,,
Sequoia Capital,3,,Sequoia Capital,3,3,,,,,,4Paradigm,1,,Paris,19,,,,
"Sequoia Capital China, Qiming Venture Partners, Tencent Holdings",2,,"Sequoia Capital China, Qiming Venture Partners, Tencent Holdings",2,2,,,,,,$1B,1,,San Francisco,152,,,,
"Shunwei Capital Partners, China Media Group, Guangzhou Huiyin Aofeng Equity Investment Fund",2,,"Shunwei Capital Partners, China Media Group, Guangzhou Huiyin Aofeng Equity Investment Fund",2,2,,,,,,56PINGTAI,1,,Shanghai,44,,,,
SoftBank Group,2,,SoftBank Group,2,2,,,,,,$188M,1,,Shenzhen,19,,,,
"Speedinvest, Valar Ventures, Uniqa Ventures",2,,"Speedinvest, Valar Ventures, Uniqa Ventures",2,2,,,,,,58 Daojia,1,,Grand Total,498,,,,
"Tiger Global Management, Sequoia Capital India, Ribbit Capital",2,,"Tiger Global Management, Sequoia Capital India, Ribbit Capital",2,2,,,,,,$300M,1,,,,,,,
"Two Sigma Ventures, Flint Capital, Commerce Ventures",2,,"Two Sigma Ventures, Flint Capital, Commerce Ventures",2,2,,,,,,6Sense,1,,,,,,,
Undisclosed,2,,Undisclosed,2,2,,,,,,$426M,1,,,,,,,
Grand Total,29,,Grand Total,29,29,,,,,,A24 Films,1,,,,,,,
,,,,,,,,,,,$225M,1,,,,,,,
,,,,,,,,,,,ABL Space Systems,1,,,,,,,
,,,,,,,,,,,$419M,1,,,,,,,
,,,,,,,,,,,Abogen,1,,,,,,,
,,,,,,,,,,,$1B,1,,,,,,,
,,,,,,,,,,,Accelerant,1,,,,,,,
,,,,,,,,,,,$193M,1,,,,,,,
,,,,,,,,,,,Acko General Insurance,1,,,,,,,
,,,,,,,,,,,$458M,1,,,,,,,
,,,,,,,,,,,Acorns,1,,,,,,,
,,,,,,,,,,,$507M,1,,,,,,,
,,,,,,,,,,,Acronis,1,,,,,,,
,,,,,,,,,,,$408M,1,,,,,,,
,,,,,,,,,,,ActiveCampaign,1,,,,,,,
,,,,,,,,,,,$360M,1,,,,,,,
,,,,,,,,,,,Ada Support,1,,,,,,,
,,,,,,,,,,,$191M,1,,,,,,,
,,,,,,,,,,,Addepar,1,,,,,,,
,,,,,,,,,,,$676M,1,,,,,,,
,,,,,,,,,,,Advance Intelligence Group,1,,,,,,,
,,,,,,,,,,,$536M,1,,,,,,,
,,,,,,,,,,,Afiniti,1,,,,,,,
,,,,,,,,,,,$120M,1,,,,,,,
,,,,,,,,,,,Age of Learning,1,,,,,,,
,,,,,,,,,,,$500M,1,,,,,,,
,,,,,,,,,,,AgentSync,1,,,,,,,
,,,,,,,,,,,$111M,1,,,,,,,
,,,,,,,,,,,Agile Robots,1,,,,,,,
,,,,,,,,,,,$240M,1,,,,,,,
,,,,,,,,,,,Aibee,1,,,,,,,
,,,,,,,,,,,$273M,1,,,,,,,
,,,,,,,,,,,Airbyte,1,,,,,,,
,,,,,,,,,,,$181M,1,,,,,,,
,,,,,,,,,,,Aircall,1,,,,,,,
,,,,,,,,,,,$226M,1,,,,,,,
,,,,,,,,,,,Airtable,1,,,,,,,
,,,,,,,,,,,$1B,1,,,,,,,
,,,,,,,,,,,Airwallex,1,,,,,,,
,,,,,,,,,,,$802M,1,,,,,,,
,,,,,,,,,,,Aiven,1,,,,,,,
,,,,,,,,,,,$210M,1,,,,,,,
,,,,,,,,,,,AIWAYS,1,,,,,,,
,,,,,,,,,,,$792M,1,,,,,,,
,,,,,,,,,,,Ajaib,1,,,,,,,
,,,,,,,,,,,$245M,1,,,,,,,
,,,,,,,,,,,Akulaku,1,,,,,,,
,,,,,,,,,,,$438M,1,,,,,,,
,,,,,,,,,,,Alan,1,,,,,,,
,,,,,,,,,,,$364M,1,,,,,,,
,,,,,,,,,,,Alation,1,,,,,,,
,,,,,,,,,,,$192M,1,,,,,,,
,,,,,,,,,,,Alchemy,1,,,,,,,
,,,,,,,,,,,$564M,1,,,,,,,
,,,,,,,,,,,Aledade,1,,,,,,,
,,,,,,,,,,,$295M,1,,,,,,,
,,,,,,,,,,,Aleo,1,,,,,,,
,,,,,,,,,,,$228M,1,,,,,,,
,,,,,,,,,,,Algolia,1,,,,,,,
,,,,,,,,,,,$334M,1,,,,,,,
,,,,,,,,,,,Alloy,1,,,,,,,
,,,,,,,,,,,$156M,1,,,,,,,
,,,,,,,,,,,Alto Pharmacy,1,,,,,,,
,,,,,,,,,,,$524M,1,,,,,,,
,,,,,,,,,,,Alzheon,1,,,,,,,
,,,,,,,,,,,$94M,1,,,,,,,
,,,,,,,,,,,Amagi,1,,,,,,,
,,,,,,,,,,,$240M,1,,,,,,,
,,,,,,,,,,,Amber Group,1,,,,,,,
,,,,,,,,,,,$328M,1,,,,,,,
,,,,,,,,,,,Amount,1,,,,,,,
,,,,,,,,,,,$243M,1,,,,,,,
,,,,,,,,,,,Amperity,1,,,,,,,
,,,,,,,,,,,$187M,1,,,,,,,
,,,,,,,,,,,Anchorage Digital,1,,,,,,,
,,,,,,,,,,,$487M,1,,,,,,,
,,,,,,,,,,,Andela,1,,,,,,,
,,,,,,,,,,,$381M,1,,,,,,,
,,,,,,,,,,,Anduril,1,,,,,,,
,,,,,,,,,,,$691M,1,,,,,,,
,,,,,,,,,,,Ankorstore,1,,,,,,,
,,,,,,,,,,,$422M,1,,,,,,,
,,,,,,,,,,,Anyscale,1,,,,,,,
,,,,,,,,,,,$160M,1,,,,,,,
,,,,,,,,,,,Apeel Sciences,1,,,,,,,
,,,,,,,,,,,$640M,1,,,,,,,
,,,,,,,,,,,apna,1,,,,,,,
,,,,,,,,,,,$193M,1,,,,,,,
,,,,,,,,,,,AppDirect,1,,,,,,,
,,,,,,,,,,,$431M,1,,,,,,,
,,,,,,,,,,,Applied Intuition,1,,,,,,,
,,,,,,,,,,,$352M,1,,,,,,,
,,,,,,,,,,,ApplyBoard,1,,,,,,,
,,,,,,,,,,,$483M,1,,,,,,,
,,,,,,,,,,,AppsFlyer,1,,,,,,,
,,,,,,,,,,,$293M,1,,,,,,,
,,,,,,,,,,,Aprogen,1,,,,,,,
,,,,,,,,,,,$62M,1,,,,,,,
,,,,,,,,,,,Aptos,1,,,,,,,
,,,,,,,,,,,$200M,1,,,,,,,
,,,,,,,,,,,Apus Group,1,,,,,,,
,,,,,,,,,,,$116M,1,,,,,,,
,,,,,,,,,,,Aqua Security,1,,,,,,,
,,,,,,,,,,,$265M,1,,,,,,,
,,,,,,,,,,,Arctic Wolf Networks,1,,,,,,,
,,,,,,,,,,,$498M,1,,,,,,,
,,,,,,,,,,,Argo AI,1,,,,,,,
,,,,,,,,,,,$4B,1,,,,,,,
,,,,,,,,,,,Articulate,1,,,,,,,
,,,,,,,,,,,$2B,1,,,,,,,
,,,,,,,,,,,ASAPP,1,,,,,,,
,,,,,,,,,,,$380M,1,,,,,,,
,,,,,,,,,,,Ascend Money,1,,,,,,,
,,,,,,,,,,,$150M,1,,,,,,,
,,,,,,,,,,,Assembly,1,,,,,,,
,,,,,,,,,,,Unknown,1,,,,,,,
,,,,,,,,,,,Assent,1,,,,,,,
,,,,,,,,,,,$534M,1,,,,,,,
,,,,,,,,,,,Astranis Space Technologies,1,,,,,,,
,,,,,,,,,,,$303M,1,,,,,,,
,,,,,,,,,,,At-Bay,1,,,,,,,
,,,,,,,,,,,$292M,1,,,,,,,
,,,,,,,,,,,Athelas,1,,,,,,,
,,,,,,,,,,,$150M,1,,,,,,,
,,,,,,,,,,,Athletic Greens,1,,,,,,,
,,,,,,,,,,,$115M,1,,,,,,,
,,,,,,,,,,,Attentive,1,,,,,,,
,,,,,,,,,,,$863M,1,,,,,,,
,,,,,,,,,,,Augury,1,,,,,,,
,,,,,,,,,,,$294M,1,,,,,,,
,,,,,,,,,,,Aura,1,,,,,,,
,,,,,,,,,,,$500M,1,,,,,,,
,,,,,,,,,,,Aurora Solar,1,,,,,,,
,,,,,,,,,,,$523M,1,,,,,,,
,,,,,,,,,,,Automation Anywhere,1,,,,,,,
,,,,,,,,,,,$849M,1,,,,,,,
,,,,,,,,,,,Automattic,1,,,,,,,
,,,,,,,,,,,$859M,1,,,,,,,
,,,,,,,,,,,Avant,1,,,,,,,
,,,,,,,,,,,$658M,1,,,,,,,
,,,,,,,,,,,Aviatrix,1,,,,,,,
,,,,,,,,,,,$341M,1,,,,,,,
,,,,,,,,,,,Away,1,,,,,,,
,,,,,,,,,,,$181M,1,,,,,,,
,,,,,,,,,,,Axelar,1,,,,,,,
,,,,,,,,,,,$64M,1,,,,,,,
,,,,,,,,,,,Axiom Space,1,,,,,,,
,,,,,,,,,,,$150M,1,,,,,,,
,,,,,,,,,,,Axonius,1,,,,,,,
,,,,,,,,,,,$395M,1,,,,,,,
,,,,,,,,,,,Axtria,1,,,,,,,
,,,,,,,,,,,$206M,1,,,,,,,
,,,,,,,,,,,Back Market,1,,,,,,,
,,,,,,,,,,,$1B,1,,,,,,,
,,,,,,,,,,,Baiwang,1,,,,,,,
,,,,,,,,,,,$224M,1,,,,,,,
,,,,,,,,,,,Banma Network Technologies,1,,,,,,,
,,,,,,,,,,,$697M,1,,,,,,,
,,,,,,,,,,,BeiBei,1,,,,,,,
,,,,,,,,,,,$224M,1,,,,,,,
,,,,,,,,,,,Beisen,1,,,,,,,
,,,,,,,,,,,$388M,1,,,,,,,
,,,,,,,,,,,Benchling,1,,,,,,,
,,,,,,,,,,,$412M,1,,,,,,,
,,,,,,,,,,,BenevolentAI,1,,,,,,,
,,,,,,,,,,,$292M,1,,,,,,,
,,,,,,,,,,,Berlin Brands Group,1,,,,,,,
,,,,,,,,,,,$800M,1,,,,,,,
,,,,,,,,,,,Better.com,1,,,,,,,
,,,,,,,,,,,$405M,1,,,,,,,
,,,,,,,,,,,Betterfly,1,,,,,,,
,,,,,,,,,,,$205M,1,,,,,,,
,,,,,,,,,,,Betterment,1,,,,,,,
,,,,,,,,,,,$335M,1,,,,,,,
,,,,,,,,,,,BetterUp,1,,,,,,,
,,,,,,,,,,,$567M,1,,,,,,,
,,,,,,,,,,,Beyond Identity,1,,,,,,,
,,,,,,,,,,,$205M,1,,,,,,,
,,,,,,,,,,,BGL Group,1,,,,,,,
,,,,,,,,,,,$696M,1,,,,,,,
,,,,,,,,,,,BharatPe,1,,,,,,,
,,,,,,,,,,,$600M,1,,,,,,,
,,,,,,,,,,,BigID,1,,,,,,,
,,,,,,,,,,,$246M,1,,,,,,,
,,,,,,,,,,,BigPanda,1,,,,,,,
,,,,,,,,,,,$317M,1,,,,,,,
,,,,,,,,,,,Biosplice Therapeutics,1,,,,,,,
,,,,,,,,,,,$799M,1,,,,,,,
,,,,,,,,,,,Biren Technology,1,,,,,,,
,,,,,,,,,,,$285M,1,,,,,,,
,,,,,,,,,,,BitFury,1,,,,,,,
,,,,,,,,,,,$170M,1,,,,,,,
,,,,,,,,,,,Bitmain,1,,,,,,,
,,,,,,,,,,,$765M,1,,,,,,,
,,,,,,,,,,,BitPanda,1,,,,,,,
,,,,,,,,,,,$546M,1,,,,,,,
,,,,,,,,,,,BitSight Technologies,1,,,,,,,
,,,,,,,,,,,$401M,1,,,,,,,
,,,,,,,,,,,Bitso,1,,,,,,,
,,,,,,,,,,,$378M,1,,,,,,,
,,,,,,,,,,,BlaBlaCar,1,,,,,,,
,,,,,,,,,,,$449M,1,,,,,,,
,,,,,,,,,,,Black Sesame Technologies,1,,,,,,,
,,,,,,,,,,,$115M,1,,,,,,,
,,,,,,,,,,,Black Unicorn Factory,1,,,,,,,
,,,,,,,,,,,$645M,1,,,,,,,
,,,,,,,,,,,BlackBuck,1,,,,,,,
,,,,,,,,,,,$352M,1,,,,,,,
,,,,,,,,,,,Blockchain.com,1,,,,,,,
,,,,,,,,,,,$490M,1,,,,,,,
,,,,,,,,,,,BlockDaemon,1,,,,,,,
,,,,,,,,,,,$398M,1,,,,,,,
,,,,,,,,,,,BlockFi,1,,,,,,,
,,,,,,,,,,,$1B,1,,,,,,,
,,,,,,,,,,,Blockstream,1,,,,,,,
,,,,,,,,,,,$299M,1,,,,,,,
,,,,,,,,,,,BloomReach,1,,,,,,,
,,,,,,,,,,,$422M,1,,,,,,,
,,,,,,,,,,,Bluecore,1,,,,,,,
,,,,,,,,,,,$238M,1,,,,,,,
,,,,,,,,,,,BlueVoyant,1,,,,,,,
,,,,,,,,,,,$526M,1,,,,,,,
,,,,,,,,,,,Boba,1,,,,,,,
,,,,,,,,,,,$45M,1,,,,,,,
,,,,,,,,,,,Bolt,2,,,,,,,
,,,,,,,,,,,$1B,2,,,,,,,
,,,,,,,,,,,bolttech,1,,,,,,,
,,,,,,,,,,,$210M,1,,,,,,,
,,,,,,,,,,,Boom Supersonic,1,,,,,,,
,,,,,,,,,,,$241M,1,,,,,,,
,,,,,,,,,,,Bordrin Motors,1,,,,,,,
,,,,,,,,,,,$362M,1,,,,,,,
,,,,,,,,,,,Bought By Many,1,,,,,,,
,,,,,,,,,,,$477M,1,,,,,,,
,,,,,,,,,,,Bowery Farming,1,,,,,,,
,,,,,,,,,,,$497M,1,,,,,,,
,,,,,,,,,,,Branch,1,,,,,,,
,,,,,,,,,,,$667M,1,,,,,,,
,,,,,,,,,,,BrewDog,1,,,,,,,
,,,,,,,,,,,$233M,1,,,,,,,
,,,,,,,,,,,Brex,1,,,,,,,
,,,,,,,,,,,$1B,1,,,,,,,
,,,,,,,,,,,Bringg,1,,,,,,,
,,,,,,,,,,,$185M,1,,,,,,,
,,,,,,,,,,,BrowserStack,1,,,,,,,
,,,,,,,,,,,$250M,1,,,,,,,
,,,,,,,,,,,Built,1,,,,,,,
,,,,,,,,,,,$289M,1,,,,,,,
,,,,,,,,,,,Bunq,1,,,,,,,
,,,,,,,,,,,$281M,1,,,,,,,
,,,,,,,,,,,BYJU's,1,,,,,,,
,,,,,,,,,,,$4B,1,,,,,,,
,,,,,,,,,,,Bytedance,1,,,,,,,
,,,,,,,,,,,$8B,1,,,,,,,
,,,,,,,,,,,BYTON,1,,,,,,,
,,,,,,,,,,,$1B,1,,,,,,,
,,,,,,,,,,,C2FO,1,,,,,,,
,,,,,,,,,,,$538M,1,,,,,,,
,,,,,,,,,,,C6 Bank,1,,,,,,,
,,,,,,,,,,,$2B,1,,,,,,,
,,,,,,,,,,,Cabify,1,,,,,,,
,,,,,,,,,,,$407M,1,,,,,,,
,,,,,,,,,,,Cadence,1,,,,,,,
,,,,,,,,,,,$141M,1,,,,,,,
,,,,,,,,,,,CAIS,1,,,,,,,
,,,,,,,,,,,$406M,1,,,,,,,
,,,,,,,,,,,Calendly,1,,,,,,,
,,,,,,,,,,,$351M,1,,,,,,,
,,,,,,,,,,,Calm,1,,,,,,,
,,,,,,,,,,,$218M,1,,,,,,,
,,,,,,,,,,,Cambridge Mobile Telematics,1,,,,,,,
,,,,,,,,,,,$503M,1,,,,,,,
,,,,,,,,,,,Cameo,1,,,,,,,
,,,,,,,,,,,$165M,1,,,,,,,
,,,,,,,,,,,candy.com,1,,,,,,,
,,,,,,,,,,,$100M,1,,,,,,,
,,,,,,,,,,,Canva,1,,,,,,,
,,,,,,,,,,,$572M,1,,,,,,,
,,,,,,,,,,,Cao Cao Mobility,1,,,,,,,
,,,,,,,,,,,$744M,1,,,,,,,
,,,,,,,,,,,Capitolis,1,,,,,,,
,,,,,,,,,,,$282M,1,,,,,,,
,,,,,,,,,,,Capsule,1,,,,,,,
,,,,,,,,,,,$570M,1,,,,,,,
,,,,,,,,,,,CaptivateIQ,1,,,,,,,
,,,,,,,,,,,$165M,1,,,,,,,
,,,,,,,,,,,Carbon,1,,,,,,,
,,,,,,,,,,,$682M,1,,,,,,,
,,,,,,,,,,,Carbon Health,1,,,,,,,
,,,,,,,,,,,$523M,1,,,,,,,
,,,,,,,,,,,CarDekho,1,,,,,,,
,,,,,,,,,,,$448M,1,,,,,,,
,,,,,,,,,,,CargoX,1,,,,,,,
,,,,,,,,,,,$390M,1,,,,,,,
,,,,,,,,,,,Caris Life Sciences,1,,,,,,,
,,,,,,,,,,,$1B,1,,,,,,,
,,,,,,,,,,,Carousell,1,,,,,,,
,,,,,,,,,,,$288M,1,,,,,,,
,,,,,,,,,,,Carro,1,,,,,,,
,,,,,,,,,,,$595M,1,,,,,,,
,,,,,,,,,,,Cars24,1,,,,,,,
,,,,,,,,,,,$1B,1,,,,,,,
,,,,,,,,,,,Carsome,1,,,,,,,
,,,,,,,,,,,$577M,1,,,,,,,
,,,,,,,,,,,Carson Group,1,,,,,,,
,,,,,,,,,,,Unknown,1,,,,,,,
,,,,,,,,,,,Carta,1,,,,,,,
,,,,,,,,,,,$1B,1,,,,,,,
,,,,,,,,,,,Carzone,1,,,,,,,
,,,,,,,,,,,$946M,1,,,,,,,
,,,,,,,,,,,Cato Networks,1,,,,,,,
,,,,,,,,,,,$532M,1,,,,,,,
,,,,,,,,,,,Cava Group,1,,,,,,,
,,,,,,,,,,,$738M,1,,,,,,,
,,,,,,,,,,,Cedar,1,,,,,,,
,,,,,,,,,,,$326M,1,,,,,,,
,,,,,,,,,,,Cell C,1,,,,,,,
,,,,,,,,,,,$547M,1,,,,,,,
,,,,,,,,,,,Celonis,1,,,,,,,
,,,,,,,,,,,$1B,1,,,,,,,
,,,,,,,,,,,Celsius Network,1,,,,,,,
,,,,,,,,,,,$864M,1,,,,,,,
,,,,,,,,,,,Cerebral,1,,,,,,,
,,,,,,,,,,,$462M,1,,,,,,,
,,,,,,,,,,,Cerebras Systems,1,,,,,,,
,,,,,,,,,,,$720M,1,,,,,,,
,,,,,,,,,,,CFGI,1,,,,,,,
,,,,,,,,,,,$19M,1,,,,,,,
,,,,,,,,,,,Cgtz,1,,,,,,,
,,,,,,,,,,,$536M,1,,,,,,,
,,,,,,,,,,,Chainalysis,1,,,,,,,
,,,,,,,,,,,$367M,1,,,,,,,
,,,,,,,,,,,Changingedu,1,,,,,,,
,,,,,,,,,,,$188M,1,,,,,,,
,,,,,,,,,,,ChargeBee Technologies,1,,,,,,,
,,,,,,,,,,,$468M,1,,,,,,,
,,,,,,,,,,,Checkout.com,1,,,,,,,
,,,,,,,,,,,$2B,1,,,,,,,
,,,,,,,,,,,Checkr,1,,,,,,,
,,,,,,,,,,,$559M,1,,,,,,,
,,,,,,,,,,,Chehaoduo,1,,,,,,,
,,,,,,,,,,,$4B,1,,,,,,,
,,,,,,,,,,,CHEQ,1,,,,,,,
,,,,,,,,,,,$182M,1,,,,,,,
,,,,,,,,,,,Chief,1,,,,,,,
,,,,,,,,,,,$140M,1,,,,,,,
,,,,,,,,,,,Chime,1,,,,,,,
,,,,,,,,,,,$2B,1,,,,,,,
,,,,,,,,,,,China Cloud,1,,,,,,,
,,,,,,,,,,,$523M,1,,,,,,,
,,,,,,,,,,,Chipone,1,,,,,,,
,,,,,,,,,,,$1B,1,,,,,,,
,,,,,,,,,,,Chipper Cash,1,,,,,,,
,,,,,,,,,,,$302M,1,,,,,,,
,,,,,,,,,,,Chronosphere,1,,,,,,,
,,,,,,,,,,,$254M,1,,,,,,,
,,,,,,,,,,,Cider,1,,,,,,,
,,,,,,,,,,,$140M,1,,,,,,,
,,,,,,,,,,,Circle,1,,,,,,,
,,,,,,,,,,,$711M,1,,,,,,,
,,,,,,,,,,,CircleCI,1,,,,,,,
,,,,,,,,,,,$315M,1,,,,,,,
,,,,,,,,,,,Cityblock Health,1,,,,,,,
,,,,,,,,,,,$891M,1,,,,,,,
,,,,,,,,,,,Clara,1,,,,,,,
,,,,,,,,,,,$109M,1,,,,,,,
,,,,,,,,,,,Clari,1,,,,,,,
,,,,,,,,,,,$496M,1,,,,,,,
,,,,,,,,,,,Clarify Health,1,,,,,,,
,,,,,,,,,,,$328M,1,,,,,,,
,,,,,,,,,,,Claroty,1,,,,,,,
,,,,,,,,,,,$640M,1,,,,,,,
,,,,,,,,,,,Clearco,1,,,,,,,
,,,,,,,,,,,$433M,1,,,,,,,
,,,,,,,,,,,Clearcover,1,,,,,,,
,,,,,,,,,,,$305M,1,,,,,,,
,,,,,,,,,,,ClickHouse,1,,,,,,,
,,,,,,,,,,,$300M,1,,,,,,,
,,,,,,,,,,,ClickUp,1,,,,,,,
,,,,,,,,,,,$535M,1,,,,,,,
,,,,,,,,,,,Clio,1,,,,,,,
,,,,,,,,,,,$386M,1,,,,,,,
,,,,,,,,,,,Clip,1,,,,,,,
,,,,,,,,,,,$381M,1,,,,,,,
,,,,,,,,,,,CloudBees,1,,,,,,,
,,,,,,,,,,,$236M,1,,,,,,,
,,,,,,,,,,,Cloudinary,1,,,,,,,
,,,,,,,,,,,$100M,1,,,,,,,
,,,,,,,,,,,CloudWalk,1,,,,,,,
,,,,,,,,,,,$345M,1,,,,,,,
,,,,,,,,,,,CloudWalk Technology,1,,,,,,,
,,,,,,,,,,,$514M,1,,,,,,,
,,,,,,,,,,,Clubhouse,1,,,,,,,
,,,,,,,,,,,$110M,1,,,,,,,
,,,,,,,,,,,CMR Surgical,1,,,,,,,
,,,,,,,,,,,$975M,1,,,,,,,
,,,,,,,,,,,Coalition,1,,,,,,,
,,,,,,,,,,,$505M,1,,,,,,,
,,,,,,,,,,,Cockroach Labs,1,,,,,,,
,,,,,,,,,,,$633M,1,,,,,,,
,,,,,,,,,,,Coda,1,,,,,,,
,,,,,,,,,,,$240M,1,,,,,,,
,,,,,,,,,,,Cognite,1,,,,,,,
,,,,,,,,,,,$225M,1,,,,,,,
,,,,,,,,,,,Cohesity,1,,,,,,,
,,,,,,,,,,,$660M,1,,,,,,,
,,,,,,,,,,,CoinDCX,1,,,,,,,
,,,,,,,,,,,$109M,1,,,,,,,
,,,,,,,,,,,CoinList,1,,,,,,,
,,,,,,,,,,,$119M,1,,,,,,,
,,,,,,,,,,,CoinSwitch Kuber,1,,,,,,,
,,,,,,,,,,,$301M,1,,,,,,,
,,,,,,,,,,,CoinTracker,1,,,,,,,
,,,,,,,,,,,$102M,1,,,,,,,
,,,,,,,,,,,Collective Health,1,,,,,,,
,,,,,,,,,,,$719M,1,,,,,,,
,,,,,,,,,,,Collibra,1,,,,,,,
,,,,,,,,,,,$596M,1,,,,,,,
,,,,,,,,,,,Color,1,,,,,,,
,,,,,,,,,,,$497M,1,,,,,,,
,,,,,,,,,,,CommerceIQ,1,,,,,,,
,,,,,,,,,,,$196M,1,,,,,,,
,,,,,,,,,,,Commure,1,,,,,,,
,,,,,,,,,,,$542M,1,,,,,,,
,,,,,,,,,,,ConcertAI,1,,,,,,,
,,,,,,,,,,,$300M,1,,,,,,,
,,,,,,,,,,,ConsenSys,1,,,,,,,
,,,,,,,,,,,$660M,1,,,,,,,
,,,,,,,,,,,Contentful,1,,,,,,,
,,,,,,,,,,,$333M,1,,,,,,,
,,,,,,,,,,,ContentSquare,1,,,,,,,
,,,,,,,,,,,$812M,1,,,,,,,
,,,,,,,,,,,Contrast Security,1,,,,,,,
,,,,,,,,,,,$269M,1,,,,,,,
,,,,,,,,,,,Convoy,1,,,,,,,
,,,,,,,,,,,$666M,1,,,,,,,
,,,,,,,,,,,Coocaa,1,,,,,,,
,,,,,,,,,,,$218M,1,,,,,,,
,,,,,,,,,,,Copado,1,,,,,,,
,,,,,,,,,,,$271M,1,,,,,,,
,,,,,,,,,,,Course Hero,1,,,,,,,
,,,,,,,,,,,$477M,1,,,,,,,
,,,,,,,,,,,CRED,1,,,,,,,
,,,,,,,,,,,$922M,1,,,,,,,
,,,,,,,,,,,CredAvenue,1,,,,,,,
,,,,,,,,,,,$227M,1,,,,,,,
,,,,,,,,,,,Creditas,1,,,,,,,
,,,,,,,,,,,$824M,1,,,,,,,
,,,,,,,,,,,Cresta,1,,,,,,,
,,,,,,,,,,,$151M,1,,,,,,,
,,,,,,,,,,,Cross River Bank,1,,,,,,,
,,,,,,,,,,,$775M,1,,,,,,,
,,,,,,,,,,,Culture Amp,1,,,,,,,
,,,,,,,,,,,$257M,1,,,,,,,
,,,,,,,,,,,CureFit,1,,,,,,,
,,,,,,,,,,,$665M,1,,,,,,,
,,,,,,,,,,,Current,1,,,,,,,
,,,,,,,,,,,$402M,1,,,,,,,
,,,,,,,,,,,Cybereason,1,,,,,,,
,,,,,,,,,,,$714M,1,,,,,,,
,,,,,,,,,,,Dadi Cinema,1,,,,,,,
,,,,,,,,,,,$154M,1,,,,,,,
,,,,,,,,,,,Daily Harvest,1,,,,,,,
,,,,,,,,,,,$120M,1,,,,,,,
,,,,,,,,,,,DailyHunt,1,,,,,,,
,,,,,,,,,,,$869M,1,,,,,,,
,,,,,,,,,,,DailyPay,1,,,,,,,
,,,,,,,,,,,$189M,1,,,,,,,
,,,,,,,,,,,Dapper Labs,1,,,,,,,
,,,,,,,,,,,$607M,1,,,,,,,
,,,,,,,,,,,Darwinbox,1,,,,,,,
,,,,,,,,,,,$107M,1,,,,,,,
,,,,,,,,,,,Databricks,1,,,,,,,
,,,,,,,,,,,$3B,1,,,,,,,
,,,,,,,,,,,Dataiku,1,,,,,,,
,,,,,,,,,,,$647M,1,,,,,,,
,,,,,,,,,,,Dataminr,1,,,,,,,
,,,,,,,,,,,$1B,1,,,,,,,
,,,,,,,,,,,DataRobot,1,,,,,,,
,,,,,,,,,,,$1B,1,,,,,,,
,,,,,,,,,,,dbt Labs,1,,,,,,,
,,,,,,,,,,,$414M,1,,,,,,,
,,,,,,,,,,,DealShare,1,,,,,,,
,,,,,,,,,,,$612M,1,,,,,,,
,,,,,,,,,,,Deel,1,,,,,,,
,,,,,,,,,,,$629M,1,,,,,,,
,,,,,,,,,,,DeepBlue Technology,1,,,,,,,
,,,,,,,,,,,$79M,1,,,,,,,
,,,,,,,,,,,Deezer,1,,,,,,,
,,,,,,,,,,,$532M,1,,,,,,,
,,,,,,,,,,,Degreed,1,,,,,,,
,,,,,,,,,,,$318M,1,,,,,,,
,,,,,,,,,,,Delhivery,1,,,,,,,
,,,,,,,,,,,$1B,1,,,,,,,
,,,,,,,,,,,Deliverect,1,,,,,,,
,,,,,,,,,,,$237M,1,,,,,,,
,,,,,,,,,,,Deliverr,1,,,,,,,
,,,,,,,,,,,$456M,1,,,,,,,
,,,,,,,,,,,Density,1,,,,,,,
,,,,,,,,,,,$217M,1,,,,,,,
,,,,,,,,,,,Dental Monitoring,1,,,,,,,
,,,,,,,,,,,$232M,1,,,,,,,
,,,,,,,,,,,Devo,1,,,,,,,
,,,,,,,,,,,$381M,1,,,,,,,
,,,,,,,,,,,Devoted Health,1,,,,,,,
,,,,,,,,,,,$2B,1,,,,,,,
,,,,,,,,,,,Dialpad,1,,,,,,,
,,,,,,,,,,,$400M,1,,,,,,,
,,,,,,,,,,,Diamond Foundry,1,,,,,,,
,,,,,,,,,,,$351M,1,,,,,,,
,,,,,,,,,,,DianRong,1,,,,,,,
,,,,,,,,,,,$549M,1,,,,,,,
,,,,,,,,,,,Digit Insurance,1,,,,,,,
,,,,,,,,,,,$531M,1,,,,,,,
,,,,,,,,,,,Digital Currency Group,1,,,,,,,
,,,,,,,,,,,$1B,1,,,,,,,
,,,,,,,,,,,Discord,1,,,,,,,
,,,,,,,,,,,$979M,1,,,,,,,
,,,,,,,,,,,DispatchHealth,1,,,,,,,
,,,,,,,,,,,$403M,1,,,,,,,
,,,,,,,,,,,DistroKid,1,,,,,,,
,,,,,,,,,,,Unknown,1,,,,,,,
,,,,,,,,,,,Divvy Homes,1,,,,,,,
,,,,,,,,,,,$370M,1,,,,,,,
,,,,,,,,,,,DJI Innovations,1,,,,,,,
,,,,,,,,,,,$105M,1,,,,,,,
,,,,,,,,,,,dMed Biopharmaceutical,1,,,,,,,
,,,,,,,,,,,$214M,1,,,,,,,
,,,,,,,,,,,Doctolib,1,,,,,,,
,,,,,,,,,,,$815M,1,,,,,,,
,,,,,,,,,,,Domestika,1,,,,,,,
,,,,,,,,,,,$130M,1,,,,,,,
,,,,,,,,,,,Dragos,1,,,,,,,
,,,,,,,,,,,$358M,1,,,,,,,
,,,,,,,,,,,Drata,1,,,,,,,
,,,,,,,,,,,$128M,1,,,,,,,
,,,,,,,,,,,Dream Games,1,,,,,,,
,,,,,,,,,,,$468M,1,,,,,,,
,,,,,,,,,,,Dream11,1,,,,,,,
,,,,,,,,,,,$2B,1,,,,,,,
,,,,,,,,,,,Dremio,1,,,,,,,
,,,,,,,,,,,$410M,1,,,,,,,
,,,,,,,,,,,DriveNets,1,,,,,,,
,,,,,,,,,,,$325M,1,,,,,,,
,,,,,,,,,,,DriveWealth,1,,,,,,,
,,,,,,,,,,,$551M,1,,,,,,,
,,,,,,,,,,,Druva,1,,,,,,,
,,,,,,,,,,,$475M,1,,,,,,,
,,,,,,,,,,,DT Dream,1,,,,,,,
,,,,,,,,,,,$267M,1,,,,,,,
,,,,,,,,,,,Dunamu,1,,,,,,,
,,,,,,,,,,,$71M,1,,,,,,,
,,,,,,,,,,,Dune Analytics,1,,,,,,,
,,,,,,,,,,,$79M,1,,,,,,,
,,,,,,,,,,,Dutchie,1,,,,,,,
,,,,,,,,,,,$603M,1,,,,,,,
,,,,,,,,,,,Dxy.cn,1,,,,,,,
,,,,,,,,,,,$682M,1,,,,,,,
,,,,,,,,,,,Earnix,1,,,,,,,
,,,,,,,,,,,$98M,1,,,,,,,
,,,,,,,,,,,Easyhome,1,,,,,,,
,,,,,,,,,,,$2B,1,,,,,,,
,,,,,,,,,,,Eat Just,1,,,,,,,
,,,,,,,,,,,$440M,1,,,,,,,
,,,,,,,,,,,EBANX,1,,,,,,,
,,,,,,,,,,,$460M,1,,,,,,,
,,,,,,,,,,,ECARX,1,,,,,,,
,,,,,,,,,,,$394M,1,,,,,,,
,,,,,,,,,,,EcoFlow,1,,,,,,,
,,,,,,,,,,,$105M,1,,,,,,,
,,,,,,,,,,,eDaili,1,,,,,,,
,,,,,,,,,,,$101M,1,,,,,,,
,,,,,,,,,,,Eightfold.ai,1,,,,,,,
,,,,,,,,,,,$397M,1,,,,,,,
,,,,,,,,,,,Einride,1,,,,,,,
,,,,,,,,,,,$151M,1,,,,,,,
,,,,,,,,,,,ElasticRun,1,,,,,,,
,,,,,,,,,,,$435M,1,,,,,,,
,,,,,,,,,,,Electric,1,,,,,,,
,,,,,,,,,,,$209M,1,,,,,,,
,,,,,,,,,,,Elemy,1,,,,,,,
,,,,,,,,,,,$323M,1,,,,,,,
,,,,,,,,,,,Emerging Markets Property Group,1,,,,,,,
,,,,,,,,,,,$279M,1,,,,,,,
,,,,,,,,,,,Enflame,1,,,,,,,
,,,,,,,,,,,$472M,1,,,,,,,
,,,,,,,,,,,ENOVATE,1,,,,,,,
,,,,,,,,,,,$1B,1,,,,,,,
,,,,,,,,,,,Enpal,1,,,,,,,
,,,,,,,,,,,$304M,1,,,,,,,
,,,,,,,,,,,Envoy,1,,,,,,,
,,,,,,,,,,,$170M,1,,,,,,,
,,,,,,,,,,,Epic Games,1,,,,,,,
,,,,,,,,,,,$7B,1,,,,,,,
,,,,,,,,,,,Epidemic Sound,1,,,,,,,
,,,,,,,,,,,$509M,1,,,,,,,
,,,,,,,,,,,Epirus,1,,,,,,,
,,,,,,,,,,,$287M,1,,,,,,,
,,,,,,,,,,,EQRx,1,,,,,,,
,,,,,,,,,,,$700M,1,,,,,,,
,,,,,,,,,,,Eruditus Executive Education,1,,,,,,,
,,,,,,,,,,,$591M,1,,,,,,,
,,,,,,,,,,,eSentire,1,,,,,,,
,,,,,,,,,,,$186M,1,,,,,,,
,,,,,,,,,,,Esusu,1,,,,,,,
,,,,,,,,,,,$145M,1,,,,,,,
,,,,,,,,,,,Ethos,1,,,,,,,
,,,,,,,,,,,$407M,1,,,,,,,
,,,,,,,,,,,Everlaw,1,,,,,,,
,,,,,,,,,,,$299M,1,,,,,,,
,,,,,,,,,,,Everly Health,1,,,,,,,
,,,,,,,,,,,$231M,1,,,,,,,
,,,,,,,,,,,Evidation,1,,,,,,,
,,,,,,,,,,,$259M,1,,,,,,,
,,,,,,,,,,,Exabeam,1,,,,,,,
,,,,,,,,,,,$390M,1,,,,,,,
,,,,,,,,,,,Exotec,1,,,,,,,
,,,,,,,,,,,$450M,1,,,,,,,
,,,,,,,,,,,Expel,1,,,,,,,
,,,,,,,,,,,$258M,1,,,,,,,
,,,,,,,,,,,Extend,1,,,,,,,
,,,,,,,,,,,$320M,1,,,,,,,
,,,,,,,,,,,ezCater,1,,,,,,,
,,,,,,,,,,,$421M,1,,,,,,,
,,,,,,,,,,,fabric,2,,,,,,,
,,,,,,,,,,,$294M,2,,,,,,,
,,,,,,,,,,,Fair,1,,,,,,,
,,,,,,,,,,,$2B,1,,,,,,,
,,,,,,,,,,,Faire,1,,,,,,,
,,,,,,,,,,,$1B,1,,,,,,,
,,,,,,,,,,,FalconX,1,,,,,,,
,,,,,,,,,,,$324M,1,,,,,,,
,,,,,,,,,,,Fanatics,1,,,,,,,
,,,,,,,,,,,$4B,1,,,,,,,
,,,,,,,,,,,Farmers Business Network,1,,,,,,,
,,,,,,,,,,,$870M,1,,,,,,,
,,,,,,,,,,,Feedzai,1,,,,,,,
,,,,,,,,,,,$277M,1,,,,,,,
,,,,,,,,,,,Fenbi Education,1,,,,,,,
,,,,,,,,,,,$390M,1,,,,,,,
,,,,,,,,,,,Fetch Rewards,1,,,,,,,
,,,,,,,,,,,$582M,1,,,,,,,
,,,,,,,,,,,Fever Labs,1,,,,,,,
,,,,,,,,,,,$299M,1,,,,,,,
,,,,,,,,,,,Figma,1,,,,,,,
,,,,,,,,,,,$333M,1,,,,,,,
,,,,,,,,,,,Figment,1,,,,,,,
,,,,,,,,,,,$165M,1,,,,,,,
,,,,,,,,,,,Fireblocks,1,,,,,,,
,,,,,,,,,,,$1B,1,,,,,,,
,,,,,,,,,,,Firebolt,1,,,,,,,
,,,,,,,,,,,$264M,1,,,,,,,
,,,,,,,,,,,Firefly Aerospace,1,,,,,,,
,,,,,,,,,,,$172M,1,,,,,,,
,,,,,,,,,,,FirstCry,1,,,,,,,
,,,,,,,,,,,$441M,1,,,,,,,
,,,,,,,,,,,Fiture,1,,,,,,,
,,,,,,,,,,,$391M,1,,,,,,,
,,,,,,,,,,,Five Star Business Finance,1,,,,,,,
,,,,,,,,,,,$456M,1,,,,,,,
,,,,,,,,,,,FiveTran,1,,,,,,,
,,,,,,,,,,,$728M,1,,,,,,,
,,,,,,,,,,,FLASH,1,,,,,,,
,,,,,,,,,,,$314M,1,,,,,,,
,,,,,,,,,,,Flash Express,1,,,,,,,
,,,,,,,,,,,$350M,1,,,,,,,
,,,,,,,,,,,FlashEx,1,,,,,,,
,,,,,,,,,,,$359M,1,,,,,,,
,,,,,,,,,,,Flexport,1,,,,,,,
,,,,,,,,,,,$2B,1,,,,,,,
,,,,,,,,,,,Flink Food,1,,,,,,,
,,,,,,,,,,,$1B,1,,,,,,,
,,,,,,,,,,,Flipboard,1,,,,,,,
,,,,,,,,,,,$211M,1,,,,,,,
,,,,,,,,,,,Flipdish,1,,,,,,,
,,,,,,,,,,,$157M,1,,,,,,,
,,,,,,,,,,,FlixBus,1,,,,,,,
,,,,,,,,,,,$1B,1,,,,,,,
,,,,,,,,,,,Flock Freight,1,,,,,,,
,,,,,,,,,,,$399M,1,,,,,,,
,,,,,,,,,,,Flock Safety,1,,,,,,,
,,,,,,,,,,,$381M,1,,,,,,,
,,,,,,,,,,,FloQast,1,,,,,,,
,,,,,,,,,,,$230M,1,,,,,,,
,,,,,,,,,,,Flutterwave,1,,,,,,,
,,,,,,,,,,,$474M,1,,,,,,,
,,,,,,,,,,,Formlabs,1,,,,,,,
,,,,,,,,,,,$251M,1,,,,,,,
,,,,,,,,,,,Forte Labs,1,,,,,,,
,,,,,,,,,,,$910M,1,,,,,,,
,,,,,,,,,,,Forter,1,,,,,,,
,,,,,,,,,,,$525M,1,,,,,,,
,,,,,,,,,,,Forto,1,,,,,,,
,,,,,,,,,,,$593M,1,,,,,,,
,,,,,,,,,,,Fractal Analytics,1,,,,,,,
,,,,,,,,,,,$685M,1,,,,,,,
,,,,,,,,,,,Freshbooks,1,,,,,,,
,,,,,,,,,,,$156M,1,,,,,,,
,,,,,,,,,,,FTX,1,,,,,,,
,,,,,,,,,,,$2B,1,,,,,,,
,,,,,,,,,,,FullStory,1,,,,,,,
,,,,,,,,,,,$172M,1,,,,,,,
,,,,,,,,,,,Fundbox,1,,,,,,,
,,,,,,,,,,,$404M,1,,,,,,,
,,,,,,,,,,,FXiaoKe,1,,,,,,,
,,,,,,,,,,,$283M,1,,,,,,,
,,,,,,,,,,,G2,1,,,,,,,
,,,,,,,,,,,$258M,1,,,,,,,
,,,,,,,,,,,G7 Networks,1,,,,,,,
,,,,,,,,,,,$710M,1,,,,,,,
,,,,,,,,,,,GalaxySpace,1,,,,,,,
,,,,,,,,,,,$14M,1,,,,,,,
,,,,,,,,,,,Games24x7,1,,,,,,,
,,,,,,,,,,,$75M,1,,,,,,,
,,,,,,,,,,,Gauntlet Networks,1,,,,,,,
,,,,,,,,,,,$45M,1,,,,,,,
,,,,,,,,,,,Gaussian Robotics,1,,,,,,,
,,,,,,,,,,,$325M,1,,,,,,,
,,,,,,,,,,,Geek+,1,,,,,,,
,,,,,,,,,,,$439M,1,,,,,,,
,,,,,,,,,,,Gelato,1,,,,,,,
,,,,,,,,,,,$269M,1,,,,,,,
,,,,,,,,,,,Gem,1,,,,,,,
,,,,,,,,,,,$148M,1,,,,,,,
,,,,,,,,,,,Gemini,1,,,,,,,
,,,,,,,,,,,$424M,1,,,,,,,
,,,,,,,,,,,Genki Forest,1,,,,,,,
,,,,,,,,,,,$721M,1,,,,,,,
,,,,,,,,,,,Getir,1,,,,,,,
,,,,,,,,,,,$2B,1,,,,,,,
,,,,,,,,,,,Gett,1,,,,,,,
,,,,,,,,,,,$828M,1,,,,,,,
,,,,,,,,,,,GetYourGuide,1,,,,,,,
,,,,,,,,,,,$656M,1,,,,,,,
,,,,,,,,,,,Glia,1,,,,,,,
,,,,,,,,,,,$152M,1,,,,,,,
,,,,,,,,,,,Global Switch,1,,,,,,,
,,,,,,,,,,,$5B,1,,,,,,,
,,,,,,,,,,,GlobalBees,1,,,,,,,
,,,,,,,,,,,$185M,1,,,,,,,
,,,,,,,,,,,Globality,1,,,,,,,
,,,,,,,,,,,$310M,1,,,,,,,
,,,,,,,,,,,Globalization Partners,1,,,,,,,
,,,,,,,,,,,$350M,1,,,,,,,
,,,,,,,,,,,Glossier,1,,,,,,,
,,,,,,,,,,,$266M,1,,,,,,,
,,,,,,,,,,,GO1,1,,,,,,,
,,,,,,,,,,,$284M,1,,,,,,,
,,,,,,,,,,,GOAT,1,,,,,,,
,,,,,,,,,,,$493M,1,,,,,,,
,,,,,,,,,,,GoCardless,1,,,,,,,
,,,,,,,,,,,$529M,1,,,,,,,
,,,,,,,,,,,Gong,1,,,,,,,
,,,,,,,,,,,$583M,1,,,,,,,
,,,,,,,,,,,GoodLeap,1,,,,,,,
,,,,,,,,,,,$800M,1,,,,,,,
,,,,,,,,,,,goPuff,1,,,,,,,
,,,,,,,,,,,$3B,1,,,,,,,
,,,,,,,,,,,Gorillas,1,,,,,,,
,,,,,,,,,,,$1B,1,,,,,,,
,,,,,,,,,,,GoStudent,1,,,,,,,
,,,,,,,,,,,$685M,1,,,,,,,
,,,,,,,,,,,Gousto,1,,,,,,,
,,,,,,,,,,,$311M,1,,,,,,,
,,,,,,,,,,,GPclub,1,,,,,,,
,,,,,,,,,,,$67M,1,,,,,,,
,,,,,,,,,,,Grafana Labs,1,,,,,,,
,,,,,,,,,,,$535M,1,,,,,,,
,,,,,,,,,,,Grammarly,1,,,,,,,
,,,,,,,,,,,$400M,1,,,,,,,
,,,,,,,,,,,Graphcore,1,,,,,,,
,,,,,,,,,,,$682M,1,,,,,,,
,,,,,,,,,,,Greenlight,1,,,,,,,
,,,,,,,,,,,$557M,1,,,,,,,
,,,,,,,,,,,Greensill,1,,,,,,,
,,,,,,,,,,,$2B,1,,,,,,,
,,,,,,,,,,,Groq,1,,,,,,,
,,,,,,,,,,,$362M,1,,,,,,,
,,,,,,,,,,,Grove Collaborative,1,,,,,,,
,,,,,,,,,,,$475M,1,,,,,,,
,,,,,,,,,,,Groww,1,,,,,,,
,,,,,,,,,,,$393M,1,,,,,,,
,,,,,,,,,,,GrubMarket,1,,,,,,,
,,,,,,,,,,,$382M,1,,,,,,,
,,,,,,,,,,,Guideline,1,,,,,,,
,,,,,,,,,,,$339M,1,,,,,,,
,,,,,,,,,,,Guild Education,1,,,,,,,
,,,,,,,,,,,$379M,1,,,,,,,
,,,,,,,,,,,Guoquan Shihui,1,,,,,,,
,,,,,,,,,,,$523M,1,,,,,,,
,,,,,,,,,,,GupShup,1,,,,,,,
,,,,,,,,,,,$384M,1,,,,,,,
,,,,,,,,,,,Gusto,1,,,,,,,
,,,,,,,,,,,$691M,1,,,,,,,
,,,,,,,,,,,Gympass,1,,,,,,,
,,,,,,,,,,,$525M,1,,,,,,,
,,,,,,,,,,,Gymshark,1,,,,,,,
,,,,,,,,,,,$262M,1,,,,,,,
,,,,,,,,,,,H2O.ai,1,,,,,,,
,,,,,,,,,,,$251M,1,,,,,,,
,,,,,,,,,,,Hailo,1,,,,,,,
,,,,,,,,,,,$221M,1,,,,,,,
,,,,,,,,,,,Handshake,1,,,,,,,
,,,,,,,,,,,$434M,1,,,,,,,
,,,,,,,,,,,Haomao.AI,1,,,,,,,
,,,,,,,,,,,$157M,1,,,,,,,
,,,,,,,,,,,Happy Money,1,,,,,,,
,,,,,,,,,,,$192M,1,,,,,,,
,,,,,,,,,,,Harness,1,,,,,,,
,,,,,,,,,,,$195M,1,,,,,,,
,,,,,,,,,,,Harry's,1,,,,,,,
,,,,,,,,,,,$792M,1,,,,,,,
,,,,,,,,,,,Hasura,1,,,,,,,
,,,,,,,,,,,$137M,1,,,,,,,
,,,,,,,,,,,HAYDON,1,,,,,,,
,,,,,,,,,,,$100M,1,,,,,,,
,,,,,,,,,,,HeartFlow,1,,,,,,,
,,,,,,,,,,,$568M,1,,,,,,,
,,,,,,,,,,,Helium Systems,1,,,,,,,
,,,,,,,,,,,$365M,1,,,,,,,
,,,,,,,,,,,Hello TransTech,1,,,,,,,
,,,,,,,,,,,$2B,1,,,,,,,
,,,,,,,,,,,Hesai Tech,1,,,,,,,
,,,,,,,,,,,$717M,1,,,,,,,
,,,,,,,,,,,Heyday,1,,,,,,,
,,,,,,,,,,,$800M,1,,,,,,,
,,,,,,,,,,,HEYTEA,1,,,,,,,
,,,,,,,,,,,$594M,1,,,,,,,
,,,,,,,,,,,Hibob,1,,,,,,,
,,,,,,,,,,,$274M,1,,,,,,,
,,,,,,,,,,,HighRadius,1,,,,,,,
,,,,,,,,,,,$475M,1,,,,,,,
,,,,,,,,,,,Highspot,1,,,,,,,
,,,,,,,,,,,$643M,1,,,,,,,
,,,,,,,,,,,Hinge Health,1,,,,,,,
,,,,,,,,,,,$826M,1,,,,,,,
,,,,,,,,,,,Hive,1,,,,,,,
,,,,,,,,,,,$121M,1,,,,,,,
,,,,,,,,,,,Hive Box,1,,,,,,,
,,,,,,,,,,,$1B,1,,,,,,,
,,,,,,,,,,,HMD Global,1,,,,,,,
,,,,,,,,,,,$330M,1,,,,,,,
,,,,,,,,,,,HomeLight,1,,,,,,,
,,,,,,,,,,,$219M,1,,,,,,,
,,,,,,,,,,,HoneyBook,1,,,,,,,
,,,,,,,,,,,$498M,1,,,,,,,
,,,,,,,,,,,Honor Technology,1,,,,,,,
,,,,,,,,,,,$325M,1,,,,,,,
,,,,,,,,,,,Hopin,1,,,,,,,
,,,,,,,,,,,$1B,1,,,,,,,
,,,,,,,,,,,Hopper,1,,,,,,,
,,,,,,,,,,,$599M,1,,,,,,,
,,,,,,,,,,,Horizon Robotics,1,,,,,,,
,,,,,,,,,,,$2B,1,,,,,,,
,,,,,,,,,,,Hosjoy,1,,,,,,,
,,,,,,,,,,,$139M,1,,,,,,,
,,,,,,,,,,,Hotmart,1,,,,,,,
,,,,,,,,,,,$127M,1,,,,,,,
,,,,,,,,,,,Houzz,1,,,,,,,
,,,,,,,,,,,$614M,1,,,,,,,
,,,,,,,,,,,Howden Group Holdings,1,,,,,,,
,,,,,,,,,,,$187M,1,,,,,,,
,,,,,,,,,,,Hozon Auto,1,,,,,,,
,,,,,,,,,,,$2B,1,,,,,,,
,,,,,,,,,,,Huaqin Telecom Technology,1,,,,,,,
,,,,,,,,,,,$298M,1,,,,,,,
,,,,,,,,,,,Huike Group,1,,,,,,,
,,,,,,,,,,,$302M,1,,,,,,,
,,,,,,,,,,,HuiMin,1,,,,,,,
,,,,,,,,,,,$517M,1,,,,,,,
,,,,,,,,,,,Huisuanzhang,1,,,,,,,
,,,,,,,,,,,$227M,1,,,,,,,
,,,,,,,,,,,HuJiang,1,,,,,,,
,,,,,,,,,,,$223M,1,,,,,,,
,,,,,,,,,,,Human Interest,1,,,,,,,
,,,,,,,,,,,$337M,1,,,,,,,
,,,,,,,,,,,HyalRoute,1,,,,,,,
,,,,,,,,,,,$263M,1,,,,,,,
,,,,,,,,,,,Hyperchain,1,,,,,,,
,,,,,,,,,,,$249M,1,,,,,,,
,,,,,,,,,,,Ibotta,1,,,,,,,
,,,,,,,,,,,$93M,1,,,,,,,
,,,,,,,,,,,iCapital Network,1,,,,,,,
,,,,,,,,,,,$729M,1,,,,,,,
,,,,,,,,,,,iCarbonX,1,,,,,,,
,,,,,,,,,,,$200M,1,,,,,,,
,,,,,,,,,,,Icertis,1,,,,,,,
,,,,,,,,,,,$371M,1,,,,,,,
,,,,,,,,,,,ID.me,1,,,,,,,
,,,,,,,,,,,$142M,1,,,,,,,
,,,,,,,,,,,iFood,1,,,,,,,
,,,,,,,,,,,$592M,1,,,,,,,
,,,,,,,,,,,Il Makiage,1,,,,,,,
,,,,,,,,,,,$29M,1,,,,,,,
,,,,,,,,,,,Illumio,1,,,,,,,
,,,,,,,,,,,$558M,1,,,,,,,
,,,,,,,,,,,Iluvatar CoreX,1,,,,,,,
,,,,,,,,,,,$186M,1,,,,,,,
,,,,,,,,,,,Immutable,1,,,,,,,
,,,,,,,,,,,$280M,1,,,,,,,
,,,,,,,,,,,impact.com,1,,,,,,,
,,,,,,,,,,,$261M,1,,,,,,,
,,,,,,,,,,,Impossible Foods,1,,,,,,,
,,,,,,,,,,,$2B,1,,,,,,,
,,,,,,,,,,,Improbable,1,,,,,,,
,,,,,,,,,,,$754M,1,,,,,,,
,,,,,,,,,,,Inari,1,,,,,,,
,,,,,,,,,,,$337M,1,,,,,,,
,,,,,,,,,,,Incode Technologies,1,,,,,,,
,,,,,,,,,,,$257M,1,,,,,,,
,,,,,,,,,,,Indigo Ag,1,,,,,,,
,,,,,,,,,,,$1B,1,,,,,,,
,,,,,,,,,,,InFarm,1,,,,,,,
,,,,,,,,,,,$600M,1,,,,,,,
,,,,,,,,,,,Infinidat,1,,,,,,,
,,,,,,,,,,,$325M,1,,,,,,,
,,,,,,,,,,,Infobip,1,,,,,,,
,,,,,,,,,,,$200M,1,,,,,,,
,,,,,,,,,,,Infra.Market,1,,,,,,,
,,,,,,,,,,,$274M,1,,,,,,,
,,,,,,,,,,,Injective Protocol,1,,,,,,,
,,,,,,,,,,,$17M,1,,,,,,,
,,,,,,,,,,,InMobi,1,,,,,,,
,,,,,,,,,,,$221M,1,,,,,,,
,,,,,,,,,,,Innovaccer,1,,,,,,,
,,,,,,,,,,,$379M,1,,,,,,,
,,,,,,,,,,,Insider,1,,,,,,,
,,,,,,,,,,,$167M,1,,,,,,,
,,,,,,,,,,,InSightec,1,,,,,,,
,,,,,,,,,,,$633M,1,,,,,,,
,,,,,,,,,,,Instabase,1,,,,,,,
,,,,,,,,,,,$132M,1,,,,,,,
,,,,,,,,,,,Instacart,1,,,,,,,
,,,,,,,,,,,$3B,1,,,,,,,
,,,,,,,,,,,Intarcia Therapeutics,1,,,,,,,
,,,,,,,,,,,$1B,1,,,,,,,
,,,,,,,,,,,Intellifusion,1,,,,,,,
,,,,,,,,,,,$173M,1,,,,,,,
,,,,,,,,,,,Intercom,1,,,,,,,
,,,,,,,,,,,$241M,1,,,,,,,
,,,,,,,,,,,Interos,1,,,,,,,
,,,,,,,,,,,$135M,1,,,,,,,
,,,,,,,,,,,InVision,1,,,,,,,
,,,,,,,,,,,$349M,1,,,,,,,
,,,,,,,,,,,Inxeption,1,,,,,,,
,,,,,,,,,,,$187M,1,,,,,,,
,,,,,,,,,,,Iodine Software,1,,,,,,,
,,,,,,,,,,,Unknown,1,,,,,,,
,,,,,,,,,,,IRL,1,,,,,,,
,,,,,,,,,,,$197M,1,,,,,,,
,,,,,,,,,,,Ironclad,1,,,,,,,
,,,,,,,,,,,$334M,1,,,,,,,
,,,,,,,,,,,Island,1,,,,,,,
,,,,,,,,,,,$215M,1,,,,,,,
,,,,,,,,,,,ISN,1,,,,,,,
,,,,,,,,,,,Unknown,1,,,,,,,
,,,,,,,,,,,Iterable,1,,,,,,,
,,,,,,,,,,,$342M,1,,,,,,,
,,,,,,,,,,,iTrustCapital,1,,,,,,,
,,,,,,,,,,,$128M,1,,,,,,,
,,,,,,,,,,,iTutorGroup,1,,,,,,,
,,,,,,,,,,,$315M,1,,,,,,,
,,,,,,,,,,,Ivalua,1,,,,,,,
,,,,,,,,,,,$134M,1,,,,,,,
,,,,,,,,,,,J&T Express,1,,,,,,,
,,,,,,,,,,,$5B,1,,,,,,,
,,,,,,,,,,,Jeeves,1,,,,,,,
,,,,,,,,,,,$268M,1,,,,,,,
,,,,,,,,,,,JimuBox,1,,,,,,,
,,,,,,,,,,,$131M,1,,,,,,,
,,,,,,,,,,,Jiuxian,1,,,,,,,
,,,,,,,,,,,$250M,1,,,,,,,
,,,,,,,,,,,Jobandtalent,1,,,,,,,
,,,,,,,,,,,$902M,1,,,,,,,
,,,,,,,,,,,Jokr,1,,,,,,,
,,,,,,,,,,,$430M,1,,,,,,,
,,,,,,,,,,,JOLLY Information Technology,1,,,,,,,
,,,,,,,,,,,$96M,1,,,,,,,
,,,,,,,,,,,JoyTunes,1,,,,,,,
,,,,,,,,,,,$92M,1,,,,,,,
,,,,,,,,,,,Juanpi,1,,,,,,,
,,,,,,,,,,,$136M,1,,,,,,,
,,,,,,,,,,,Juma Peisong,1,,,,,,,
,,,,,,,,,,,$281M,1,,,,,,,
,,,,,,,,,,,JumpCloud,1,,,,,,,
,,,,,,,,,,,$407M,1,,,,,,,
,,,,,,,,,,,Jusfoun Big Data,1,,,,,,,
,,,,,,,,,,,$137M,1,,,,,,,
,,,,,,,,,,,Justworks,1,,,,,,,
,,,,,,,,,,,$143M,1,,,,,,,
,,,,,,,,,,,JUUL Labs,1,,,,,,,
,,,,,,,,,,,$14B,1,,,,,,,
,,,,,,,,,,,K Health,1,,,,,,,
,,,,,,,,,,,$271M,1,,,,,,,
,,,,,,,,,,,Kajabi,1,,,,,,,
,,,,,,,,,,,$550M,1,,,,,,,
,,,,,,,,,,,Karat,1,,,,,,,
,,,,,,,,,,,$169M,1,,,,,,,
,,,,,,,,,,,Kaseya,1,,,,,,,
,,,,,,,,,,,$545M,1,,,,,,,
,,,,,,,,,,,Kavak,1,,,,,,,
,,,,,,,,,,,$2B,1,,,,,,,
,,,,,,,,,,,Keenon Robotics,1,,,,,,,
,,,,,,,,,,,$229M,1,,,,,,,
,,,,,,,,,,,Keep,1,,,,,,,
,,,,,,,,,,,$614M,1,,,,,,,
,,,,,,,,,,,KeepTruckin,1,,,,,,,
,,,,,,,,,,,$417M,1,,,,,,,
,,,,,,,,,,,Kendra Scott,1,,,,,,,
,,,,,,,,,,,Unknown,1,,,,,,,
,,,,,,,,,,,Kitopi,1,,,,,,,
,,,,,,,,,,,$504M,1,,,,,,,
,,,,,,,,,,,KK Group,1,,,,,,,
,,,,,,,,,,,$612M,1,,,,,,,
,,,,,,,,,,,Klarna,1,,,,,,,
,,,,,,,,,,,$4B,1,,,,,,,
,,,,,,,,,,,Klaviyo,1,,,,,,,
,,,,,,,,,,,$679M,1,,,,,,,
,,,,,,,,,,,Klook,1,,,,,,,
,,,,,,,,,,,$722M,1,,,,,,,
,,,,,,,,,,,KnowBox,1,,,,,,,
,,,,,,,,,,,$306M,1,,,,,,,
,,,,,,,,,,,Komodo Health,1,,,,,,,
,,,,,,,,,,,$314M,1,,,,,,,
,,,,,,,,,,,Konfio,1,,,,,,,
,,,,,,,,,,,$378M,1,,,,,,,
,,,,,,,,,,,Kong,1,,,,,,,
,,,,,,,,,,,$169M,1,,,,,,,
,,,,,,,,,,,Kopi Kenangan,1,,,,,,,
,,,,,,,,,,,$333M,1,,,,,,,
,,,,,,,,,,,Koudai,1,,,,,,,
,,,,,,,,,,,$368M,1,,,,,,,
,,,,,,,,,,,Kraken,1,,,,,,,
,,,,,,,,,,,$119M,1,,,,,,,
,,,,,,,,,,,KRY,1,,,,,,,
,,,,,,,,,,,$569M,1,,,,,,,
,,,,,,,,,,,Kuaigou Dache,1,,,,,,,
,,,,,,,,,,,$650M,1,,,,,,,
,,,,,,,,,,,Kuaikan Manhua,1,,,,,,,
,,,,,,,,,,,$594M,1,,,,,,,
,,,,,,,,,,,Kujiale,1,,,,,,,
,,,,,,,,,,,$235M,1,,,,,,,
,,,,,,,,,,,Kurly,1,,,,,,,
,,,,,,,,,,,$770M,1,,,,,,,
,,,,,,,,,,,L&P Cosmetic,1,,,,,,,
,,,,,,,,,,,$33M,1,,,,,,,
,,,,,,,,,,,Lacework,1,,,,,,,
,,,,,,,,,,,$2B,1,,,,,,,
,,,,,,,,,,,Lalamove,1,,,,,,,
,,,,,,,,,,,$2B,1,,,,,,,
,,,,,,,,,,,Lamabang,1,,,,,,,
,,,,,,,,,,,$130M,1,,,,,,,
,,,,,,,,,,,Lattice,1,,,,,,,
,,,,,,,,,,,$329M,1,,,,,,,
,,,,,,,,,,,LaunchDarkly,1,,,,,,,
,,,,,,,,,,,$330M,1,,,,,,,
,,,,,,,,,,,LayerZero Labs,1,,,,,,,
,,,,,,,,,,,$143M,1,,,,,,,
,,,,,,,,,,,LEAD School,1,,,,,,,
,,,,,,,,,,,$166M,1,,,,,,,
,,,,,,,,,,,Leap Motor,1,,,,,,,
,,,,,,,,,,,$1B,1,,,,,,,
,,,,,,,,,,,Ledger,1,,,,,,,
,,,,,,,,,,,$466M,1,,,,,,,
,,,,,,,,,,,Lendable,1,,,,,,,
,,,,,,,,,,,$286M,1,,,,,,,
,,,,,,,,,,,Lenskart,1,,,,,,,
,,,,,,,,,,,$776M,1,,,,,,,
,,,,,,,,,,,Lessen,1,,,,,,,
,,,,,,,,,,,$205M,1,,,,,,,
,,,,,,,,,,,LetsGetChecked,1,,,,,,,
,,,,,,,,,,,$263M,1,,,,,,,
,,,,,,,,,,,Lianjia,1,,,,,,,
,,,,,,,,,,,$1B,1,,,,,,,
,,,,,,,,,,,Licious,1,,,,,,,
,,,,,,,,,,,$489M,1,,,,,,,
,,,,,,,,,,,LifeMiles,1,,,,,,,
,,,,,,,,,,,$344M,1,,,,,,,
,,,,,,,,,,,Lightricks,1,,,,,,,
,,,,,,,,,,,$305M,1,,,,,,,
,,,,,,,,,,,LinkDoc Technology,1,,,,,,,
,,,,,,,,,,,$253M,1,,,,,,,
,,,,,,,,,,,LinkSure Network,1,,,,,,,
,,,,,,,,,,,$52M,1,,,,,,,
,,,,,,,,,,,LinkTree,1,,,,,,,
,,,,,,,,,,,$166M,1,,,,,,,
,,,,,,,,,,,LivSpace,1,,,,,,,
,,,,,,,,,,,$427M,1,,,,,,,
,,,,,,,,,,,Loadsmart,1,,,,,,,
,,,,,,,,,,,$336M,1,,,,,,,
,,,,,,,,,,,Locus Robotics,1,,,,,,,
,,,,,,,,,,,$299M,1,,,,,,,
,,,,,,,,,,,Loft,1,,,,,,,
,,,,,,,,,,,$788M,1,,,,,,,
,,,,,,,,,,,Loggi,1,,,,,,,
,,,,,,,,,,,$507M,1,,,,,,,
,,,,,,,,,,,Lookout,1,,,,,,,
,,,,,,,,,,,$282M,1,,,,,,,
,,,,,,,,,,,Loom,1,,,,,,,
,,,,,,,,,,,$204M,1,,,,,,,
,,,,,,,,,,,LTK,1,,,,,,,
,,,,,,,,,,,$315M,1,,,,,,,
,,,,,,,,,,,Lucid,1,,,,,,,
,,,,,,,,,,,$170M,1,,,,,,,
,,,,,,,,,,,Lukka,1,,,,,,,
,,,,,,,,,,,$201M,1,,,,,,,
,,,,,,,,,,,Lunar,1,,,,,,,
,,,,,,,,,,,$448M,1,,,,,,,
,,,,,,,,,,,Luoji Siwei,1,,,,,,,
,,,,,,,,,,,$144M,1,,,,,,,
,,,,,,,,,,,Lusha,1,,,,,,,
,,,,,,,,,,,$245M,1,,,,,,,
,,,,,,,,,,,Lydia,1,,,,,,,
,,,,,,,,,,,$263M,1,,,,,,,
,,,,,,,,,,,Lyra Health,1,,,,,,,
,,,,,,,,,,,$910M,1,,,,,,,
,,,,,,,,,,,M1 Finance,1,,,,,,,
,,,,,,,,,,,$323M,1,,,,,,,
,,,,,,,,,,,MadeiraMadeira,1,,,,,,,
,,,,,,,,,,,$336M,1,,,,,,,
,,,,,,,,,,,Mafengwo,1,,,,,,,
,,,,,,,,,,,$503M,1,,,,,,,
,,,,,,,,,,,Magic Leap,1,,,,,,,
,,,,,,,,,,,$3B,1,,,,,,,
,,,,,,,,,,,Maimai,1,,,,,,,
,,,,,,,,,,,$300M,1,,,,,,,
,,,,,,,,,,,Mamaearth,1,,,,,,,
,,,,,,,,,,,$111M,1,,,,,,,
,,,,,,,,,,,Mambu,1,,,,,,,
,,,,,,,,,,,$448M,1,,,,,,,
,,,,,,,,,,,Mammoth Biosciences,1,,,,,,,
,,,,,,,,,,,$265M,1,,,,,,,
,,,,,,,,,,,Manner,1,,,,,,,
,,,,,,,,,,,$10M,1,,,,,,,
,,,,,,,,,,,ManoMano,1,,,,,,,
,,,,,,,,,,,$706M,1,,,,,,,
,,,,,,,,,,,Marshmallow,1,,,,,,,
,,,,,,,,,,,$116M,1,,,,,,,
,,,,,,,,,,,MasterClass,1,,,,,,,
,,,,,,,,,,,$461M,1,,,,,,,
,,,,,,,,,,,Masterworks,1,,,,,,,
,,,,,,,,,,,$110M,1,,,,,,,
,,,,,,,,,,,Matillion,1,,,,,,,
,,,,,,,,,,,$310M,1,,,,,,,
,,,,,,,,,,,Matrixport,1,,,,,,,
,,,,,,,,,,,$100M,1,,,,,,,
,,,,,,,,,,,Maven Clinic,1,,,,,,,
,,,,,,,,,,,$202M,1,,,,,,,
,,,,,,,,,,,Medable,1,,,,,,,
,,,,,,,,,,,$507M,1,,,,,,,
,,,,,,,,,,,MediaMath,1,,,,,,,
,,,,,,,,,,,$325M,1,,,,,,,
,,,,,,,,,,,Medlinker,1,,,,,,,
,,,,,,,,,,,$761M,1,,,,,,,
,,,,,,,,,,,Meero,1,,,,,,,
,,,,,,,,,,,$293M,1,,,,,,,
,,,,,,,,,,,Meesho,1,,,,,,,
,,,,,,,,,,,$1B,1,,,,,,,
,,,,,,,,,,,MEGVII,1,,,,,,,
,,,,,,,,,,,$1B,1,,,,,,,
,,,,,,,,,,,Meicai,1,,,,,,,
,,,,,,,,,,,$1B,1,,,,,,,
,,,,,,,,,,,Meizu Technology,1,,,,,,,
,,,,,,,,,,,$943M,1,,,,,,,
,,,,,,,,,,,Melio,1,,,,,,,
,,,,,,,,,,,$504M,1,,,,,,,
,,,,,,,,,,,Mensa Brands,1,,,,,,,
,,,,,,,,,,,$218M,1,,,,,,,
,,,,,,,,,,,Merama,1,,,,,,,
,,,,,,,,,,,$345M,1,,,,,,,
,,,,,,,,,,,Mercury,1,,,,,,,
,,,,,,,,,,,$152M,1,,,,,,,
,,,,,,,,,,,MessageBird,1,,,,,,,
,,,,,,,,,,,$1B,1,,,,,,,
,,,,,,,,,,,Mia.com,1,,,,,,,
,,,,,,,,,,,$232M,1,,,,,,,
,,,,,,,,,,,Miaoshou Doctor,1,,,,,,,
,,,,,,,,,,,$947M,1,,,,,,,
,,,,,,,,,,,MindMaze,1,,,,,,,
,,,,,,,,,,,$340M,1,,,,,,,
,,,,,,,,,,,MindTickle,1,,,,,,,
,,,,,,,,,,,$281M,1,,,,,,,
,,,,,,,,,,,Mininglamp Technology,1,,,,,,,
,,,,,,,,,,,$787M,1,,,,,,,
,,,,,,,,,,,Minio,1,,,,,,,
,,,,,,,,,,,$126M,1,,,,,,,
,,,,,,,,,,,Mirakl,1,,,,,,,
,,,,,,,,,,,$948M,1,,,,,,,
,,,,,,,,,,,Miro,1,,,,,,,
,,,,,,,,,,,$476M,1,,,,,,,
,,,,,,,,,,,Misfits Market,1,,,,,,,
,,,,,,,,,,,$527M,1,,,,,,,
,,,,,,,,,,,Mixpanel,1,,,,,,,
,,,,,,,,,,,$277M,1,,,,,,,
,,,,,,,,,,,MobiKwik,1,,,,,,,
,,,,,,,,,,,$249M,1,,,,,,,
,,,,,,,,,,,Mobile Premier League,1,,,,,,,
,,,,,,,,,,,$376M,1,,,,,,,
,,,,,,,,,,,MobileCoin,1,,,,,,,
,,,,,,,,,,,$107M,1,,,,,,,
,,,,,,,,,,,Mobvoi,1,,,,,,,
,,,,,,,,,,,$252M,1,,,,,,,
,,,,,,,,,,,Modern Health,1,,,,,,,
,,,,,,,,,,,$167M,1,,,,,,,
,,,,,,,,,,,Modern Treasury,1,,,,,,,
,,,,,,,,,,,$183M,1,,,,,,,
,,,,,,,,,,,Modernizing Medicine,1,,,,,,,
,,,,,,,,,,,$394M,1,,,,,,,
,,,,,,,,,,,Mofang Living,1,,,,,,,
,,,,,,,,,,,$650M,1,,,,,,,
,,,,,,,,,,,Moglix,1,,,,,,,
,,,,,,,,,,,$471M,1,,,,,,,
,,,,,,,,,,,Moka,1,,,,,,,
,,,,,,,,,,,$144M,1,,,,,,,
,,,,,,,,,,,Mollie,1,,,,,,,
,,,,,,,,,,,$928M,1,,,,,,,
,,,,,,,,,,,MOLOCO,1,,,,,,,
,,,,,,,,,,,$192M,1,,,,,,,
,,,,,,,,,,,Momenta,1,,,,,,,
,,,,,,,,,,,$1B,1,,,,,,,
,,,,,,,,,,,MoMo,1,,,,,,,
,,,,,,,,,,,$434M,1,,,,,,,
,,,,,,,,,,,Monzo,1,,,,,,,
,,,,,,,,,,,$1B,1,,,,,,,
,,,,,,,,,,,Moon Active,1,,,,,,,
,,,,,,,,,,,$425M,1,,,,,,,
,,,,,,,,,,,MoonPay,1,,,,,,,
,,,,,,,,,,,$555M,1,,,,,,,
,,,,,,,,,,,Morning Consult,1,,,,,,,
,,,,,,,,,,,$91M,1,,,,,,,
,,,,,,,,,,,Motorway,1,,,,,,,
,,,,,,,,,,,$276M,1,,,,,,,
,,,,,,,,,,,Moveworks,1,,,,,,,
,,,,,,,,,,,$305M,1,,,,,,,
,,,,,,,,,,,Movile,1,,,,,,,
,,,,,,,,,,,$588M,1,,,,,,,
,,,,,,,,,,,Mu Sigma,1,,,,,,,
,,,,,,,,,,,$211M,1,,,,,,,
,,,,,,,,,,,MURAL,1,,,,,,,
,,,,,,,,,,,$192M,1,,,,,,,
,,,,,,,,,,,MUSINSA,1,,,,,,,
,,,,,,,,,,,$287M,1,,,,,,,
,,,,,,,,,,,Mux,1,,,,,,,
,,,,,,,,,,,$174M,1,,,,,,,
,,,,,,,,,,,MX Technologies,1,,,,,,,
,,,,,,,,,,,$450M,1,,,,,,,
,,,,,,,,,,,MyGlamm,1,,,,,,,
,,,,,,,,,,,$310M,1,,,,,,,
,,,,,,,,,,,Mynt,1,,,,,,,
,,,,,,,,,,,$475M,1,,,,,,,
,,,,,,,,,,,Mythical Games,1,,,,,,,
,,,,,,,,,,,$260M,1,,,,,,,
,,,,,,,,,,,N26,1,,,,,,,
,,,,,,,,,,,$2B,1,,,,,,,
,,,,,,,,,,,National Stock Exchange of India,1,,,,,,,
,,,,,,,,,,,$297M,1,,,,,,,
,,,,,,,,,,,Nature's Fynd,1,,,,,,,
,,,,,,,,,,,$463M,1,,,,,,,
,,,,,,,,,,,Neo4j,1,,,,,,,
,,,,,,,,,,,$408M,1,,,,,,,
,,,,,,,,,,,Neon,1,,,,,,,
,,,,,,,,,,,$720M,1,,,,,,,
,,,,,,,,,,,Netlify,1,,,,,,,
,,,,,,,,,,,$202M,1,,,,,,,
,,,,,,,,,,,Netskope,1,,,,,,,
,,,,,,,,,,,$1B,1,,,,,,,
,,,,,,,,,,,Newlink Group,1,,,,,,,
,,,,,,,,,,,$655M,1,,,,,,,
,,,,,,,,,,,News Break,1,,,,,,,
,,,,,,,,,,,$151M,1,,,,,,,
,,,,,,,,,,,Newsela,1,,,,,,,
,,,,,,,,,,,$172M,1,,,,,,,
,,,,,,,,,,,Nexii,1,,,,,,,
,,,,,,,,,,,$45M,1,,,,,,,
,,,,,,,,,,,Next Insurance,1,,,,,,,
,,,,,,,,,,,$881M,1,,,,,,,
,,,,,,,,,,,Next Silicon,1,,,,,,,
,,,,,,,,,,,$203M,1,,,,,,,
,,,,,,,,,,,Nexthink,1,,,,,,,
,,,,,,,,,,,$346M,1,,,,,,,
,,,,,,,,,,,Nextiva,1,,,,,,,
,,,,,,,,,,,$200M,1,,,,,,,
,,,,,,,,,,,Niantic,1,,,,,,,
,,,,,,,,,,,$770M,1,,,,,,,
,,,,,,,,,,,Ninja Van,1,,,,,,,
,,,,,,,,,,,$975M,1,,,,,,,
,,,,,,,,,,,NIUM,1,,,,,,,
,,,,,,,,,,,$285M,1,,,,,,,
,,,,,,,,,,,NoBroker,1,,,,,,,
,,,,,,,,,,,$424M,1,,,,,,,
,,,,,,,,,,,Noname Security,1,,,,,,,
,,,,,,,,,,,$220M,1,,,,,,,
,,,,,,,,,,,Noom,1,,,,,,,
,,,,,,,,,,,$657M,1,,,,,,,
,,,,,,,,,,,Northvolt,1,,,,,,,
,,,,,,,,,,,$4B,1,,,,,,,
,,,,,,,,,,,NotCo,1,,,,,,,
,,,,,,,,,,,$370M,1,,,,,,,
,,,,,,,,,,,Notion Labs,1,,,,,,,
,,,,,,,,,,,$343M,1,,,,,,,
,,,,,,,,,,,NuCom Group,1,,,,,,,
,,,,,,,,,,,$550M,1,,,,,,,
,,,,,,,,,,,Numbrs,1,,,,,,,
,,,,,,,,,,,$105M,1,,,,,,,
,,,,,,,,,,,Nuro,1,,,,,,,
,,,,,,,,,,,$2B,1,,,,,,,
,,,,,,,,,,,Nuvemshop,1,,,,,,,
,,,,,,,,,,,$628M,1,,,,,,,
,,,,,,,,,,,Nxin,1,,,,,,,
,,,,,,,,,,,$53M,1,,,,,,,
,,,,,,,,,,,o9 Solutions,1,,,,,,,
,,,,,,,,,,,$417M,1,,,,,,,
,,,,,,,,,,,OakNorth Bank,1,,,,,,,
,,,,,,,,,,,$1B,1,,,,,,,
,,,,,,,,,,,OCSiAl,1,,,,,,,
,,,,,,,,,,,$285M,1,,,,,,,
,,,,,,,,,,,Oda,1,,,,,,,
,,,,,,,,,,,$337M,1,,,,,,,
,,,,,,,,,,,Odoo,1,,,,,,,
,,,,,,,,,,,$229M,1,,,,,,,
,,,,,,,,,,,OfBusiness,1,,,,,,,
,,,,,,,,,,,$734M,1,,,,,,,
,,,,,,,,,,,Offchain Labs,1,,,,,,,
,,,,,,,,,,,$124M,1,,,,,,,
,,,,,,,,,,,Ola Cabs,1,,,,,,,
,,,,,,,,,,,$4B,1,,,,,,,
,,,,,,,,,,,Ola Electric Mobility,1,,,,,,,
,,,,,,,,,,,$761M,1,,,,,,,
,,,,,,,,,,,Olist,1,,,,,,,
,,,,,,,,,,,$320M,1,,,,,,,
,,,,,,,,,,,Olive,1,,,,,,,
,,,,,,,,,,,$856M,1,,,,,,,
,,,,,,,,,,,Omada Health,1,,,,,,,
,,,,,,,,,,,$449M,1,,,,,,,
,,,,,,,,,,,Omio,1,,,,,,,
,,,,,,,,,,,$396M,1,,,,,,,
,,,,,,,,,,,ONE,1,,,,,,,
,,,,,,,,,,,$515M,1,,,,,,,
,,,,,,,,,,,OneTrust,1,,,,,,,
,,,,,,,,,,,$926M,1,,,,,,,
,,,,,,,,,,,Opay,1,,,,,,,
,,,,,,,,,,,$570M,1,,,,,,,
,,,,,,,,,,,OpenAI,1,,,,,,,
,,,,,,,,,,,$1B,1,,,,,,,
,,,,,,,,,,,OpenSea,1,,,,,,,
,,,,,,,,,,,$427M,1,,,,,,,
,,,,,,,,,,,Opentrons,1,,,,,,,
,,,,,,,,,,,$240M,1,,,,,,,
,,,,,,,,,,,OpenWeb,1,,,,,,,
,,,,,,,,,,,$223M,1,,,,,,,
,,,,,,,,,,,Optimism,1,,,,,,,
,,,,,,,,,,,$179M,1,,,,,,,
,,,,,,,,,,,Orbbec Technology,1,,,,,,,
,,,,,,,,,,,$200M,1,,,,,,,
,,,,,,,,,,,Orca Bio,1,,,,,,,
,,,,,,,,,,,$192M,1,,,,,,,
,,,,,,,,,,,Orca Security,1,,,,,,,
,,,,,,,,,,,$632M,1,,,,,,,
,,,,,,,,,,,OrCam Technologies,1,,,,,,,
,,,,,,,,,,,$86M,1,,,,,,,
,,,,,,,,,,,Orchard,1,,,,,,,
,,,,,,,,,,,$252M,1,,,,,,,
,,,,,,,,,,,Otto Bock HealthCare,1,,,,,,,
,,,,,,,,,,,$0M,1,,,,,,,
,,,,,,,,,,,Oura,1,,,,,,,
,,,,,,,,,,,$148M,1,,,,,,,
,,,,,,,,,,,Outreach,1,,,,,,,
,,,,,,,,,,,$489M,1,,,,,,,
,,,,,,,,,,,Outschool,1,,,,,,,
,,,,,,,,,,,$240M,1,,,,,,,
,,,,,,,,,,,OutSystems,1,,,,,,,
,,,,,,,,,,,$572M,1,,,,,,,
,,,,,,,,,,,Ouyeel,1,,,,,,,
,,,,,,,,,,,$432M,1,,,,,,,
,,,,,,,,,,,OVH,1,,,,,,,
,,,,,,,,,,,$1B,1,,,,,,,
,,,,,,,,,,,OVO Energy,1,,,,,,,
,,,,,,,,,,,$324M,1,,,,,,,
,,,,,,,,,,,Owkin,1,,,,,,,
,,,,,,,,,,,$254M,1,,,,,,,
,,,,,,,,,,,OwnBackup,1,,,,,,,
,,,,,,,,,,,$507M,1,,,,,,,
,,,,,,,,,,,OYO Rooms,1,,,,,,,
,,,,,,,,,,,$3B,1,,,,,,,
,,,,,,,,,,,Pacaso,1,,,,,,,
,,,,,,,,,,,$217M,1,,,,,,,
,,,,,,,,,,,Pagaya,1,,,,,,,
,,,,,,,,,,,$417M,1,,,,,,,
,,,,,,,,,,,PandaDoc,1,,,,,,,
,,,,,,,,,,,$51M,1,,,,,,,
,,,,,,,,,,,Pantheon Systems,1,,,,,,,
,,,,,,,,,,,$200M,1,,,,,,,
,,,,,,,,,,,Panther Labs,1,,,,,,,
,,,,,,,,,,,$141M,1,,,,,,,
,,,,,,,,,,,Papa,1,,,,,,,
,,,,,,,,,,,$241M,1,,,,,,,
,,,,,,,,,,,Papaya Global,1,,,,,,,
,,,,,,,,,,,$440M,1,,,,,,,
,,,,,,,,,,,Paradox,1,,,,,,,
,,,,,,,,,,,$253M,1,,,,,,,
,,,,,,,,,,,Pat McGrath Labs,1,,,,,,,
,,,,,,,,,,,$60M,1,,,,,,,
,,,,,,,,,,,Patreon,1,,,,,,,
,,,,,,,,,,,$413M,1,,,,,,,
,,,,,,,,,,,PatSnap,1,,,,,,,
,,,,,,,,,,,$352M,1,,,,,,,
,,,,,,,,,,,Pattern,1,,,,,,,
,,,,,,,,,,,$277M,1,,,,,,,
,,,,,,,,,,,PAX,1,,,,,,,
,,,,,,,,,,,$542M,1,,,,,,,
,,,,,,,,,,,Paxos,1,,,,,,,
,,,,,,,,,,,$538M,1,,,,,,,
,,,,,,,,,,,PayFit,1,,,,,,,
,,,,,,,,,,,$496M,1,,,,,,,
,,,,,,,,,,,Payhawk,1,,,,,,,
,,,,,,,,,,,$239M,1,,,,,,,
,,,,,,,,,,,Pendo,1,,,,,,,
,,,,,,,,,,,$357M,1,,,,,,,
,,,,,,,,,,,Pentera,1,,,,,,,
,,,,,,,,,,,$190M,1,,,,,,,
,,,,,,,,,,,People.ai,1,,,,,,,
,,,,,,,,,,,$200M,1,,,,,,,
,,,,,,,,,,,Persona,1,,,,,,,
,,,,,,,,,,,$218M,1,,,,,,,
,,,,,,,,,,,Personio,1,,,,,,,
,,,,,,,,,,,$524M,1,,,,,,,
,,,,,,,,,,,Pet Circle,1,,,,,,,
,,,,,,,,,,,$125M,1,,,,,,,
,,,,,,,,,,,Phantom,1,,,,,,,
,,,,,,,,,,,$118M,1,,,,,,,
,,,,,,,,,,,Pharmapacks,1,,,,,,,
,,,,,,,,,,,$433M,1,,,,,,,
,,,,,,,,,,,Phenom People,1,,,,,,,
,,,,,,,,,,,$163M,1,,,,,,,
,,,,,,,,,,,PicsArt,1,,,,,,,
,,,,,,,,,,,$195M,1,,,,,,,
,,,,,,,,,,,Pilot.com,1,,,,,,,
,,,,,,,,,,,$161M,1,,,,,,,
,,,,,,,,,,,Pine Labs,1,,,,,,,
,,,,,,,,,,,$903M,1,,,,,,,
,,,,,,,,,,,Pipa Coding,1,,,,,,,
,,,,,,,,,,,$268M,1,,,,,,,
,,,,,,,,,,,Pipe,1,,,,,,,
,,,,,,,,,,,$566M,1,,,,,,,
,,,,,,,,,,,PLACE,1,,,,,,,
,,,,,,,,,,,$100M,1,,,,,,,
,,,,,,,,,,,Placer.ai,1,,,,,,,
,,,,,,,,,,,$166M,1,,,,,,,
,,,,,,,,,,,Plaid,1,,,,,,,
,,,,,,,,,,,$734M,1,,,,,,,
,,,,,,,,,,,Playco,1,,,,,,,
,,,,,,,,,,,$140M,1,,,,,,,
,,,,,,,,,,,Pleo,1,,,,,,,
,,,,,,,,,,,$428M,1,,,,,,,
,,,,,,,,,,,Plume,1,,,,,,,
,,,,,,,,,,,$722M,1,,,,,,,
,,,,,,,,,,,Podium,1,,,,,,,
,,,,,,,,,,,$419M,1,,,,,,,
,,,,,,,,,,,PointClickCare,1,,,,,,,
,,,,,,,,,,,$230M,1,,,,,,,
,,,,,,,,,,,Poizon,1,,,,,,,
,,,,,,,,,,,Unknown,1,,,,,,,
,,,,,,,,,,,PolicyBazaar,1,,,,,,,
,,,,,,,,,,,$634M,1,,,,,,,
,,,,,,,,,,,Pony.ai,1,,,,,,,
,,,,,,,,,,,$1B,1,,,,,,,
,,,,,,,,,,,Postman,1,,,,,,,
,,,,,,,,,,,$433M,1,,,,,,,
,,,,,,,,,,,PPRO,1,,,,,,,
,,,,,,,,,,,$370M,1,,,,,,,
,,,,,,,,,,,Preferred Networks,1,,,,,,,
,,,,,,,,,,,$147M,1,,,,,,,
,,,,,,,,,,,Prime Medicine,1,,,,,,,
,,,,,,,,,,,$315M,1,,,,,,,
,,,,,,,,,,,Printful,1,,,,,,,
,,,,,,,,,,,$130M,1,,,,,,,
,,,,,,,,,,,Pristyn Care,1,,,,,,,
,,,,,,,,,,,$177M,1,,,,,,,
,,,,,,,,,,,Productboard,1,,,,,,,
,,,,,,,,,,,$261M,1,,,,,,,
,,,,,,,,,,,Project44,1,,,,,,,
,,,,,,,,,,,$818M,1,,,,,,,
,,,,,,,,,,,Promasidor Holdings,1,,,,,,,
,,,,,,,,,,,$556M,1,,,,,,,
,,,,,,,,,,,PsiQuantum,1,,,,,,,
,,,,,,,,,,,$665M,1,,,,,,,
,,,,,,,,,,,Public,1,,,,,,,
,,,,,,,,,,,$309M,1,,,,,,,
,,,,,,,,,,,Qingting FM,1,,,,,,,
,,,,,,,,,,,$164M,1,,,,,,,
,,,,,,,,,,,Qonto,1,,,,,,,
,,,,,,,,,,,$704M,1,,,,,,,
,,,,,,,,,,,Qualia,1,,,,,,,
,,,,,,,,,,,$160M,1,,,,,,,
,,,,,,,,,,,Quantum Metric,1,,,,,,,
,,,,,,,,,,,$226M,1,,,,,,,
,,,,,,,,,,,QuintoAndar,1,,,,,,,
,,,,,,,,,,,$755M,1,,,,,,,
,,,,,,,,,,,Quizlet,1,,,,,,,
,,,,,,,,,,,$62M,1,,,,,,,
,,,,,,,,,,,Qumulo,1,,,,,,,
,,,,,,,,,,,$347M,1,,,,,,,
,,,,,,,,,,,Quora,1,,,,,,,
,,,,,,,,,,,$226M,1,,,,,,,
,,,,,,,,,,,Rad Power Bikes,1,,,,,,,
,,,,,,,,,,,$329M,1,,,,,,,
,,,,,,,,,,,Radiology Partners,1,,,,,,,
,,,,,,,,,,,$1B,1,,,,,,,
,,,,,,,,,,,Radius Payment Solutions,1,,,,,,,
,,,,,,,,,,,$200M,1,,,,,,,
,,,,,,,,,,,Ramp,1,,,,,,,
,,,,,,,,,,,$660M,1,,,,,,,
,,,,,,,,,,,RapidAPI,1,,,,,,,
,,,,,,,,,,,$273M,1,,,,,,,
,,,,,,,,,,,Rappi,1,,,,,,,
,,,,,,,,,,,$2B,1,,,,,,,
,,,,,,,,,,,Rapyd,1,,,,,,,
,,,,,,,,,,,$770M,1,,,,,,,
,,,,,,,,,,,Razor,1,,,,,,,
,,,,,,,,,,,$167M,1,,,,,,,
,,,,,,,,,,,Razorpay,1,,,,,,,
,,,,,,,,,,,$742M,1,,,,,,,
,,,,,,,,,,,Rebel Foods,1,,,,,,,
,,,,,,,,,,,$521M,1,,,,,,,
,,,,,,,,,,,Rebellion Defense,1,,,,,,,
,,,,,,,,,,,$150M,1,,,,,,,
,,,,,,,,,,,Rec Room,1,,,,,,,
,,,,,,,,,,,$294M,1,,,,,,,
,,,,,,,,,,,ReCharge,1,,,,,,,
,,,,,,,,,,,$277M,1,,,,,,,
,,,,,,,,,,,Red Ventures,1,,,,,,,
,,,,,,,,,,,$250M,1,,,,,,,
,,,,,,,,,,,reddit,1,,,,,,,
,,,,,,,,,,,$1B,1,,,,,,,
,,,,,,,,,,,Redis Labs,1,,,,,,,
,,,,,,,,,,,$356M,1,,,,,,,
,,,,,,,,,,,Redwood Materials,1,,,,,,,
,,,,,,,,,,,$792M,1,,,,,,,
,,,,,,,,,,,REEF Technology,1,,,,,,,
,,,,,,,,,,,$2B,1,,,,,,,
,,,,,,,,,,,Reify Health,1,,,,,,,
,,,,,,,,,,,$259M,1,,,,,,,
,,,,,,,,,,,Relativity,1,,,,,,,
,,,,,,,,,,,$125M,1,,,,,,,
,,,,,,,,,,,Relativity Space,1,,,,,,,
,,,,,,,,,,,$1B,1,,,,,,,
,,,,,,,,,,,RELEX Solutions,1,,,,,,,
,,,,,,,,,,,$803M,1,,,,,,,
,,,,,,,,,,,ReliaQuest,1,,,,,,,
,,,,,,,,,,,$330M,1,,,,,,,
,,,,,,,,,,,Reltio,1,,,,,,,
,,,,,,,,,,,$237M,1,,,,,,,
,,,,,,,,,,,Remote,1,,,,,,,
,,,,,,,,,,,$496M,1,,,,,,,
,,,,,,,,,,,Retool,1,,,,,,,
,,,,,,,,,,,$96M,1,,,,,,,
,,,,,,,,,,,Revolut,1,,,,,,,
,,,,,,,,,,,$2B,1,,,,,,,
,,,,,,,,,,,Revolution Precrafted,1,,,,,,,
,,,,,,,,,,,$15M,1,,,,,,,
,,,,,,,,,,,RIDI,1,,,,,,,
,,,,,,,,,,,$178M,1,,,,,,,
,,,,,,,,,,,Rightway,1,,,,,,,
,,,,,,,,,,,$130M,1,,,,,,,
,,,,,,,,,,,Ripple,1,,,,,,,
,,,,,,,,,,,$294M,1,,,,,,,
,,,,,,,,,,,Rippling,1,,,,,,,
,,,,,,,,,,,$447M,1,,,,,,,
,,,,,,,,,,,Rivigo,1,,,,,,,
,,,,,,,,,,,$247M,1,,,,,,,
,,,,,,,,,,,Ro,1,,,,,,,
,,,,,,,,,,,$1B,1,,,,,,,
,,,,,,,,,,,Rohlik,1,,,,,,,
,,,,,,,,,,,$380M,1,,,,,,,
,,,,,,,,,,,Rokt,1,,,,,,,
,,,,,,,,,,,$487M,1,,,,,,,
,,,,,,,,,,,Roofstock,1,,,,,,,
,,,,,,,,,,,$365M,1,,,,,,,
,,,,,,,,,,,Rothy's,1,,,,,,,
,,,,,,,,,,,$484M,1,,,,,,,
,,,,,,,,,,,Route,1,,,,,,,
,,,,,,,,,,,$482M,1,,,,,,,
,,,,,,,,,,,Royole Corporation,1,,,,,,,
,,,,,,,,,,,$492M,1,,,,,,,
,,,,,,,,,,,Rubicon,1,,,,,,,
,,,,,,,,,,,$223M,1,,,,,,,
,,,,,,,,,,,Rubrik,1,,,,,,,
,,,,,,,,,,,$553M,1,,,,,,,
,,,,,,,,,,,SafetyCulture,1,,,,,,,
,,,,,,,,,,,$222M,1,,,,,,,
,,,,,,,,,,,Salt Security,1,,,,,,,
,,,,,,,,,,,$271M,1,,,,,,,
,,,,,,,,,,,SaltPay,1,,,,,,,
,,,,,,,,,,,$1B,1,,,,,,,
,,,,,,,,,,,SambaNova Systems,1,,,,,,,
,,,,,,,,,,,$1B,1,,,,,,,
,,,,,,,,,,,Savage X Fenty,1,,,,,,,
,,,,,,,,,,,$310M,1,,,,,,,
,,,,,,,,,,,Scalable Capital,1,,,,,,,
,,,,,,,,,,,$314M,1,,,,,,,
,,,,,,,,,,,Scalapay,1,,,,,,,
,,,,,,,,,,,$416M,1,,,,,,,
,,,,,,,,,,,Scale AI,1,,,,,,,
,,,,,,,,,,,$603M,1,,,,,,,
,,,,,,,,,,,Scandit,1,,,,,,,
,,,,,,,,,,,$273M,1,,,,,,,
,,,,,,,,,,,Scopely,1,,,,,,,
,,,,,,,,,,,$999M,1,,,,,,,
,,,,,,,,,,,SeekOut,1,,,,,,,
,,,,,,,,,,,$189M,1,,,,,,,
,,,,,,,,,,,Seismic,1,,,,,,,
,,,,,,,,,,,$427M,1,,,,,,,
,,,,,,,,,,,SellerX,1,,,,,,,
,,,,,,,,,,,$766M,1,,,,,,,
,,,,,,,,,,,Sendbird,1,,,,,,,
,,,,,,,,,,,$221M,1,,,,,,,
,,,,,,,,,,,Sennder,1,,,,,,,
,,,,,,,,,,,$340M,1,,,,,,,
,,,,,,,,,,,Sentry,1,,,,,,,
,,,,,,,,,,,$127M,1,,,,,,,
,,,,,,,,,,,ServiceTitan,1,,,,,,,
,,,,,,,,,,,$1B,1,,,,,,,
,,,,,,,,,,,ShareChat,1,,,,,,,
,,,,,,,,,,,$1B,1,,,,,,,
,,,,,,,,,,,SHEIN,1,,,,,,,
,,,,,,,,,,,$2B,1,,,,,,,
,,,,,,,,,,,Shield AI,1,,,,,,,
,,,,,,,,,,,$328M,1,,,,,,,
,,,,,,,,,,,Shift Technology,1,,,,,,,
,,,,,,,,,,,$545M,1,,,,,,,
,,,,,,,,,,,ShipBob,1,,,,,,,
,,,,,,,,,,,$331M,1,,,,,,,
,,,,,,,,,,,Shippo,1,,,,,,,
,,,,,,,,,,,$154M,1,,,,,,,
,,,,,,,,,,,Shukun Technology,1,,,,,,,
,,,,,,,,,,,$211M,1,,,,,,,
,,,,,,,,,,,Shulan Health,1,,,,,,,
,,,,,,,,,,,$43M,1,,,,,,,
,,,,,,,,,,,Side,1,,,,,,,
,,,,,,,,,,,$314M,1,,,,,,,
,,,,,,,,,,,Sidecar Health,1,,,,,,,
,,,,,,,,,,,$163M,1,,,,,,,
,,,,,,,,,,,SiFive,1,,,,,,,
,,,,,,,,,,,$366M,1,,,,,,,
,,,,,,,,,,,Sift,1,,,,,,,
,,,,,,,,,,,$157M,1,,,,,,,
,,,,,,,,,,,Signifyd,1,,,,,,,
,,,,,,,,,,,$390M,1,,,,,,,
,,,,,,,,,,,Sila Nanotechnologies,1,,,,,,,
,,,,,,,,,,,$880M,1,,,,,,,
,,,,,,,,,,,Sisense,1,,,,,,,
,,,,,,,,,,,$274M,1,,,,,,,
,,,,,,,,,,,SITECH DEV,1,,,,,,,
,,,,,,,,,,,Unknown,1,,,,,,,
,,,,,,,,,,,Skims,1,,,,,,,
,,,,,,,,,,,$399M,1,,,,,,,
,,,,,,,,,,,Sky Mavis,1,,,,,,,
,,,,,,,,,,,$311M,1,,,,,,,
,,,,,,,,,,,Skydance Media,1,,,,,,,
,,,,,,,,,,,$275M,1,,,,,,,
,,,,,,,,,,,Skydio,1,,,,,,,
,,,,,,,,,,,$340M,1,,,,,,,
,,,,,,,,,,,Slice,1,,,,,,,
,,,,,,,,,,,$249M,1,,,,,,,
,,,,,,,,,,,SmartAsset,1,,,,,,,
,,,,,,,,,,,$161M,1,,,,,,,
,,,,,,,,,,,SmartHR,1,,,,,,,
,,,,,,,,,,,$190M,1,,,,,,,
,,,,,,,,,,,SmartMore,1,,,,,,,
,,,,,,,,,,,$300M,1,,,,,,,
,,,,,,,,,,,SmartNews,1,,,,,,,
,,,,,,,,,,,$410M,1,,,,,,,
,,,,,,,,,,,SmartRecruiters,1,,,,,,,
,,,,,,,,,,,$225M,1,,,,,,,
,,,,,,,,,,,SMS Assist,1,,,,,,,
,,,,,,,,,,,$255M,1,,,,,,,
,,,,,,,,,,,Snapdeal,1,,,,,,,
,,,,,,,,,,,$2B,1,,,,,,,
,,,,,,,,,,,Snapdocs,1,,,,,,,
,,,,,,,,,,,$253M,1,,,,,,,
,,,,,,,,,,,SnapLogic,1,,,,,,,
,,,,,,,,,,,$371M,1,,,,,,,
,,,,,,,,,,,Snorkel AI,1,,,,,,,
,,,,,,,,,,,$135M,1,,,,,,,
,,,,,,,,,,,Snyk,1,,,,,,,
,,,,,,,,,,,$1B,1,,,,,,,
,,,,,,,,,,,Socar,1,,,,,,,
,,,,,,,,,,,$408M,1,,,,,,,
,,,,,,,,,,,Socure,1,,,,,,,
,,,,,,,,,,,$644M,1,,,,,,,
,,,,,,,,,,,solarisBank,1,,,,,,,
,,,,,,,,,,,$403M,1,,,,,,,
,,,,,,,,,,,Solo.io,1,,,,,,,
,,,,,,,,,,,$172M,1,,,,,,,
,,,,,,,,,,,Solugen,1,,,,,,,
,,,,,,,,,,,$435M,1,,,,,,,
,,,,,,,,,,,Somatus,1,,,,,,,
,,,,,,,,,,,$465M,1,,,,,,,
,,,,,,,,,,,SonderMind,1,,,,,,,
,,,,,,,,,,,$183M,1,,,,,,,
,,,,,,,,,,,Sorare,1,,,,,,,
,,,,,,,,,,,$739M,1,,,,,,,
,,,,,,,,,,,SouChe Holdings,1,,,,,,,
,,,,,,,,,,,$1B,1,,,,,,,
,,,,,,,,,,,SoundHound,1,,,,,,,
,,,,,,,,,,,$215M,1,,,,,,,
,,,,,,,,,,,Sourcegraph,1,,,,,,,
,,,,,,,,,,,$248M,1,,,,,,,
,,,,,,,,,,,SpaceX,1,,,,,,,
,,,,,,,,,,,$7B,1,,,,,,,
,,,,,,,,,,,SparkCognition,1,,,,,,,
,,,,,,,,,,,$286M,1,,,,,,,
,,,,,,,,,,,Spendesk,1,,,,,,,
,,,,,,,,,,,$314M,1,,,,,,,
,,,,,,,,,,,Spiber,1,,,,,,,
,,,,,,,,,,,$520M,1,,,,,,,
,,,,,,,,,,,Spinny,1,,,,,,,
,,,,,,,,,,,$509M,1,,,,,,,
,,,,,,,,,,,Splashtop,1,,,,,,,
,,,,,,,,,,,$114M,1,,,,,,,
,,,,,,,,,,,SpotOn,1,,,,,,,
,,,,,,,,,,,$628M,1,,,,,,,
,,,,,,,,,,,Spotter,1,,,,,,,
,,,,,,,,,,,$231M,1,,,,,,,
,,,,,,,,,,,Spring Health,1,,,,,,,
,,,,,,,,,,,$296M,1,,,,,,,
,,,,,,,,,,,SSENSE,1,,,,,,,
,,,,,,,,,,,Unknown,1,,,,,,,
,,,,,,,,,,,Staffbase,1,,,,,,,
,,,,,,,,,,,$307M,1,,,,,,,
,,,,,,,,,,,Standard,1,,,,,,,
,,,,,,,,,,,$239M,1,,,,,,,
,,,,,,,,,,,Star Charge,1,,,,,,,
,,,,,,,,,,,$125M,1,,,,,,,
,,,,,,,,,,,Starburst,1,,,,,,,
,,,,,,,,,,,$414M,1,,,,,,,
,,,,,,,,,,,StarkWare,1,,,,,,,
,,,,,,,,,,,$161M,1,,,,,,,
,,,,,,,,,,,Starling Bank,1,,,,,,,
,,,,,,,,,,,$791M,1,,,,,,,
,,,,,,,,,,,Stash,1,,,,,,,
,,,,,,,,,,,$426M,1,,,,,,,
,,,,,,,,,,,StockX,1,,,,,,,
,,,,,,,,,,,$495M,1,,,,,,,
,,,,,,,,,,,STORD,1,,,,,,,
,,,,,,,,,,,$205M,1,,,,,,,
,,,,,,,,,,,StoreDot,1,,,,,,,
,,,,,,,,,,,$190M,1,,,,,,,
,,,,,,,,,,,Strava,1,,,,,,,
,,,,,,,,,,,$152M,1,,,,,,,
,,,,,,,,,,,Stripe,1,,,,,,,
,,,,,,,,,,,$2B,1,,,,,,,
,,,,,,,,,,,Stytch,1,,,,,,,
,,,,,,,,,,,$126M,1,,,,,,,
,,,,,,,,,,,SumUp,1,,,,,,,
,,,,,,,,,,,$1B,1,,,,,,,
,,,,,,,,,,,Sunbit,1,,,,,,,
,,,,,,,,,,,$210M,1,,,,,,,
,,,,,,,,,,,SVOLT,1,,,,,,,
,,,,,,,,,,,$3B,1,,,,,,,
,,,,,,,,,,,Swiggy,1,,,,,,,
,,,,,,,,,,,$5B,1,,,,,,,
,,,,,,,,,,,Swile,1,,,,,,,
,,,,,,,,,,,$326M,1,,,,,,,
,,,,,,,,,,,SWORD Health,1,,,,,,,
,,,,,,,,,,,$296M,1,,,,,,,
,,,,,,,,,,,Symphony,1,,,,,,,
,,,,,,,,,,,$511M,1,,,,,,,
,,,,,,,,,,,Sysdig,1,,,,,,,
,,,,,,,,,,,$730M,1,,,,,,,
,,,,,,,,,,,Tackle.io,1,,,,,,,
,,,,,,,,,,,$148M,1,,,,,,,
,,,,,,,,,,,Talkdesk,1,,,,,,,
,,,,,,,,,,,$497M,1,,,,,,,
,,,,,,,,,,,TalkingData,1,,,,,,,
,,,,,,,,,,,$310M,1,,,,,,,
,,,,,,,,,,,TangoMe,1,,,,,,,
,,,,,,,,,,,$361M,1,,,,,,,
,,,,,,,,,,,Tanium,1,,,,,,,
,,,,,,,,,,,$775M,1,,,,,,,
,,,,,,,,,,,Tarana Wireless,1,,,,,,,
,,,,,,,,,,,$376M,1,,,,,,,
,,,,,,,,,,,TaxBit,1,,,,,,,
,,,,,,,,,,,$236M,1,,,,,,,
,,,,,,,,,,,Tealium,1,,,,,,,
,,,,,,,,,,,$264M,1,,,,,,,
,,,,,,,,,,,TechStyle Fashion Group,1,,,,,,,
,,,,,,,,,,,$336M,1,,,,,,,
,,,,,,,,,,,Tekion,1,,,,,,,
,,,,,,,,,,,$435M,1,,,,,,,
,,,,,,,,,,,TELD,1,,,,,,,
,,,,,,,,,,,$396M,1,,,,,,,
,,,,,,,,,,,Temporal,1,,,,,,,
,,,,,,,,,,,$129M,1,,,,,,,
,,,,,,,,,,,Tempus,1,,,,,,,
,,,,,,,,,,,$820M,1,,,,,,,
,,,,,,,,,,,TensTorrent,1,,,,,,,
,,,,,,,,,,,$235M,1,,,,,,,
,,,,,,,,,,,TERMINUS Technology,1,,,,,,,
,,,,,,,,,,,$623M,1,,,,,,,
,,,,,,,,,,,Tezign,1,,,,,,,
,,,,,,,,,,,$151M,1,,,,,,,
,,,,,,,,,,,The Bank of London,1,,,,,,,
,,,,,,,,,,,$90M,1,,,,,,,
,,,,,,,,,,,The Brandtech Group,1,,,,,,,
,,,,,,,,,,,$610M,1,,,,,,,
,,,,,,,,,,,The Zebra,1,,,,,,,
,,,,,,,,,,,$257M,1,,,,,,,
,,,,,,,,,,,Thirty Madison,1,,,,,,,
,,,,,,,,,,,$210M,1,,,,,,,
,,,,,,,,,,,Thought Machine,1,,,,,,,
,,,,,,,,,,,$403M,1,,,,,,,
,,,,,,,,,,,ThoughtSpot,1,,,,,,,
,,,,,,,,,,,$664M,1,,,,,,,
,,,,,,,,,,,Thrasio,1,,,,,,,
,,,,,,,,,,,$2B,1,,,,,,,
,,,,,,,,,,,Thumbtack,1,,,,,,,
,,,,,,,,,,,$698M,1,,,,,,,
,,,,,,,,,,,Tier,1,,,,,,,
,,,,,,,,,,,$587M,1,,,,,,,
,,,,,,,,,,,Timescale,1,,,,,,,
,,,,,,,,,,,$181M,1,,,,,,,
,,,,,,,,,,,Tipalti,1,,,,,,,
,,,,,,,,,,,$549M,1,,,,,,,
,,,,,,,,,,,Tonal,1,,,,,,,
,,,,,,,,,,,$450M,1,,,,,,,
,,,,,,,,,,,Tongdun Technology,1,,,,,,,
,,,,,,,,,,,$252M,1,,,,,,,
,,,,,,,,,,,Toss,1,,,,,,,
,,,,,,,,,,,$844M,1,,,,,,,
,,,,,,,,,,,Tractable,1,,,,,,,
,,,,,,,,,,,$120M,1,,,,,,,
,,,,,,,,,,,Trade Republic,1,,,,,,,
,,,,,,,,,,,$996M,1,,,,,,,
,,,,,,,,,,,Trader Interactive,1,,,,,,,
,,,,,,,,,,,$624M,1,,,,,,,
,,,,,,,,,,,Tradeshift,1,,,,,,,
,,,,,,,,,,,$861M,1,,,,,,,
,,,,,,,,,,,TradingView,1,,,,,,,
,,,,,,,,,,,$339M,1,,,,,,,
,,,,,,,,,,,Transcarent,1,,,,,,,
,,,,,,,,,,,$298M,1,,,,,,,
,,,,,,,,,,,Transmit Security,1,,,,,,,
,,,,,,,,,,,$583M,1,,,,,,,
,,,,,,,,,,,Traveloka,1,,,,,,,
,,,,,,,,,,,$1B,1,,,,,,,
,,,,,,,,,,,TravelPerk,1,,,,,,,
,,,,,,,,,,,$408M,1,,,,,,,
,,,,,,,,,,,Trax,1,,,,,,,
,,,,,,,,,,,$1B,1,,,,,,,
,,,,,,,,,,,Trendy Group International,1,,,,,,,
,,,,,,,,,,,$200M,1,,,,,,,
,,,,,,,,,,,Tresata,1,,,,,,,
,,,,,,,,,,,$51M,1,,,,,,,
,,,,,,,,,,,TrialSpark,1,,,,,,,
,,,,,,,,,,,$156M,1,,,,,,,
,,,,,,,,,,,TripActions,1,,,,,,,
,,,,,,,,,,,$912M,1,,,,,,,
,,,,,,,,,,,Tripledot,1,,,,,,,
,,,,,,,,,,,$202M,1,,,,,,,
,,,,,,,,,,,TrueLayer,1,,,,,,,
,,,,,,,,,,,$271M,1,,,,,,,
,,,,,,,,,,,Truepill,1,,,,,,,
,,,,,,,,,,,$255M,1,,,,,,,
,,,,,,,,,,,Trulioo,1,,,,,,,
,,,,,,,,,,,$474M,1,,,,,,,
,,,,,,,,,,,Trumid,1,,,,,,,
,,,,,,,,,,,$660M,1,,,,,,,
,,,,,,,,,,,Tubatu.com,1,,,,,,,
,,,,,,,,,,,$216M,1,,,,,,,
,,,,,,,,,,,Tuhu,1,,,,,,,
,,,,,,,,,,,$875M,1,,,,,,,
,,,,,,,,,,,TuJia,1,,,,,,,
,,,,,,,,,,,$755M,1,,,,,,,
,,,,,,,,,,,TUNGEE,1,,,,,,,
,,,,,,,,,,,$171M,1,,,,,,,
,,,,,,,,,,,Turing,1,,,,,,,
,,,,,,,,,,,$128M,1,,,,,,,
,,,,,,,,,,,Uala,1,,,,,,,
,,,,,,,,,,,$544M,1,,,,,,,
,,,,,,,,,,,UBTECH Robotics,1,,,,,,,
,,,,,,,,,,,$943M,1,,,,,,,
,,,,,,,,,,,Udaan,1,,,,,,,
,,,,,,,,,,,$1B,1,,,,,,,
,,,,,,,,,,,UISEE Technology,1,,,,,,,
,,,,,,,,,,,$154M,1,,,,,,,
,,,,,,,,,,,Unacademy,1,,,,,,,
,,,,,,,,,,,$789M,1,,,,,,,
,,,,,,,,,,,Unico,1,,,,,,,
,,,,,,,,,,,$237M,1,,,,,,,
,,,,,,,,,,,Uniphore,1,,,,,,,
,,,,,,,,,,,$607M,1,,,,,,,
,,,,,,,,,,,Unisound,1,,,,,,,
,,,,,,,,,,,$361M,1,,,,,,,
,,,,,,,,,,,Unite Us,1,,,,,,,
,,,,,,,,,,,$195M,1,,,,,,,
,,,,,,,,,,,United Imaging Healthcare,1,,,,,,,
,,,,,,,,,,,$503M,1,,,,,,,
,,,,,,,,,,,Unqork,1,,,,,,,
,,,,,,,,,,,$365M,1,,,,,,,
,,,,,,,,,,,UpGrad,1,,,,,,,
,,,,,,,,,,,$194M,1,,,,,,,
,,,,,,,,,,,Upgrade,1,,,,,,,
,,,,,,,,,,,$587M,1,,,,,,,
,,,,,,,,,,,Uplight,1,,,,,,,
,,,,,,,,,,,Unknown,1,,,,,,,
,,,,,,,,,,,Upstox,1,,,,,,,
,,,,,,,,,,,$54M,1,,,,,,,
,,,,,,,,,,,Uptake,1,,,,,,,
,,,,,,,,,,,$218M,1,,,,,,,
,,,,,,,,,,,Urban Company,1,,,,,,,
,,,,,,,,,,,$371M,1,,,,,,,
,,,,,,,,,,,Vagaro,1,,,,,,,
,,,,,,,,,,,$163M,1,,,,,,,
,,,,,,,,,,,Valgen Medtech,1,,,,,,,
,,,,,,,,,,,$188M,1,,,,,,,
,,,,,,,,,,,Varo Bank,1,,,,,,,
,,,,,,,,,,,$987M,1,,,,,,,
,,,,,,,,,,,VAST Data,1,,,,,,,
,,,,,,,,,,,$263M,1,,,,,,,
,,,,,,,,,,,Vectra Networks,1,,,,,,,
,,,,,,,,,,,$352M,1,,,,,,,
,,,,,,,,,,,Vedantu,1,,,,,,,
,,,,,,,,,,,$292M,1,,,,,,,
,,,,,,,,,,,Veepee,1,,,,,,,
,,,,,,,,,,,Unknown,1,,,,,,,
,,,,,,,,,,,Veev,1,,,,,,,
,,,,,,,,,,,$585M,1,,,,,,,
,,,,,,,,,,,Veho,1,,,,,,,
,,,,,,,,,,,$299M,1,,,,,,,
,,,,,,,,,,,Venafi,1,,,,,,,
,,,,,,,,,,,$174M,1,,,,,,,
,,,,,,,,,,,VerbIT,1,,,,,,,
,,,,,,,,,,,$432M,1,,,,,,,
,,,,,,,,,,,Vercel,1,,,,,,,
,,,,,,,,,,,$313M,1,,,,,,,
,,,,,,,,,,,Veriff,1,,,,,,,
,,,,,,,,,,,$177M,1,,,,,,,
,,,,,,,,,,,Verkada,1,,,,,,,
,,,,,,,,,,,$139M,1,,,,,,,
,,,,,,,,,,,Vestiaire Collective,1,,,,,,,
,,,,,,,,,,,$663M,1,,,,,,,
,,,,,,,,,,,Via,1,,,,,,,
,,,,,,,,,,,$777M,1,,,,,,,
,,,,,,,,,,,Vice Media,1,,,,,,,
,,,,,,,,,,,$1B,1,,,,,,,
,,,,,,,,,,,VideoAmp,1,,,,,,,
,,,,,,,,,,,$382M,1,,,,,,,
,,,,,,,,,,,Vinted,1,,,,,,,
,,,,,,,,,,,$562M,1,,,,,,,
,,,,,,,,,,,VIPKid,1,,,,,,,
,,,,,,,,,,,$1B,1,,,,,,,
,,,,,,,,,,,Virta Health,1,,,,,,,
,,,,,,,,,,,$373M,1,,,,,,,
,,,,,,,,,,,Vise,1,,,,,,,
,,,,,,,,,,,$128M,1,,,,,,,
,,,,,,,,,,,Visier,1,,,,,,,
,,,,,,,,,,,$217M,1,,,,,,,
,,,,,,,,,,,Vista Global,1,,,,,,,
,,,,,,,,,,,$418M,1,,,,,,,
,,,,,,,,,,,VOI,1,,,,,,,
,,,,,,,,,,,$516M,1,,,,,,,
,,,,,,,,,,,Volocopter,1,,,,,,,
,,,,,,,,,,,$599M,1,,,,,,,
,,,,,,,,,,,Voodoo,1,,,,,,,
,,,,,,,,,,,$517M,1,,,,,,,
,,,,,,,,,,,Vox Media,1,,,,,,,
,,,,,,,,,,,$308M,1,,,,,,,
,,,,,,,,,,,VTS,1,,,,,,,
,,,,,,,,,,,$187M,1,,,,,,,
,,,,,,,,,,,Vuori,1,,,,,,,
,,,,,,,,,,,$445M,1,,,,,,,
,,,,,,,,,,,Wacai,1,,,,,,,
,,,,,,,,,,,$369M,1,,,,,,,
,,,,,,,,,,,Watershed,1,,,,,,,
,,,,,,,,,,,$70M,1,,,,,,,
,,,,,,,,,,,Wave,1,,,,,,,
,,,,,,,,,,,$200M,1,,,,,,,
,,,,,,,,,,,Wayflyer,1,,,,,,,
,,,,,,,,,,,$236M,1,,,,,,,
,,,,,,,,,,,Webflow,1,,,,,,,
,,,,,,,,,,,$335M,1,,,,,,,
,,,,,,,,,,,WeBull,1,,,,,,,
,,,,,,,,,,,$230M,1,,,,,,,
,,,,,,,,,,,WeDoctor,1,,,,,,,
,,,,,,,,,,,$1B,1,,,,,,,
,,,,,,,,,,,Weee!,1,,,,,,,
,,,,,,,,,,,$864M,1,,,,,,,
,,,,,,,,,,,wefox,1,,,,,,,
,,,,,,,,,,,$919M,1,,,,,,,
,,,,,,,,,,,Weights & Biases,1,,,,,,,
,,,,,,,,,,,$200M,1,,,,,,,
,,,,,,,,,,,Weilong Foods,1,,,,,,,
,,,,,,,,,,,$558M,1,,,,,,,
,,,,,,,,,,,WeLab,1,,,,,,,
,,,,,,,,,,,$871M,1,,,,,,,
,,,,,,,,,,,WEMAKEPRICE,1,,,,,,,
,,,,,,,,,,,$397M,1,,,,,,,
,,,,,,,,,,,Wenheyou,1,,,,,,,
,,,,,,,,,,,$90M,1,,,,,,,
,,,,,,,,,,,WeRide,1,,,,,,,
,,,,,,,,,,,$1B,1,,,,,,,
,,,,,,,,,,,Whatnot,1,,,,,,,
,,,,,,,,,,,$225M,1,,,,,,,
,,,,,,,,,,,Whoop,1,,,,,,,
,,,,,,,,,,,$404M,1,,,,,,,
,,,,,,,,,,,Wildlife Studios,1,,,,,,,
,,,,,,,,,,,$180M,1,,,,,,,
,,,,,,,,,,,Wiz,1,,,,,,,
,,,,,,,,,,,$600M,1,,,,,,,
,,,,,,,,,,,WM Motor,1,,,,,,,
,,,,,,,,,,,$4B,1,,,,,,,
,,,,,,,,,,,Womai,1,,,,,,,
,,,,,,,,,,,$330M,1,,,,,,,
,,,,,,,,,,,Workato,1,,,,,,,
,,,,,,,,,,,$415M,1,,,,,,,
,,,,,,,,,,,Workhuman,1,,,,,,,
,,,,,,,,,,,$9M,1,,,,,,,
,,,,,,,,,,,Workrise,1,,,,,,,
,,,,,,,,,,,$722M,1,,,,,,,
,,,,,,,,,,,Worldcoin,1,,,,,,,
,,,,,,,,,,,$125M,1,,,,,,,
,,,,,,,,,,,Wrapbook,1,,,,,,,
,,,,,,,,,,,$131M,1,,,,,,,
,,,,,,,,,,,WTOIP,1,,,,,,,
,,,,,,,,,,,$307M,1,,,,,,,
,,,,,,,,,,,Xendit,1,,,,,,,
,,,,,,,,,,,$215M,1,,,,,,,
,,,,,,,,,,,XForcePlus,1,,,,,,,
,,,,,,,,,,,$200M,1,,,,,,,
,,,,,,,,,,,Xiaobing,1,,,,,,,
,,,,,,,,,,,Unknown,1,,,,,,,
,,,,,,,,,,,Xiaoe Tech,1,,,,,,,
,,,,,,,,,,,$149M,1,,,,,,,
,,,,,,,,,,,Xiaohongshu,1,,,,,,,
,,,,,,,,,,,$918M,1,,,,,,,
,,,,,,,,,,,XiaoZhu,1,,,,,,,
,,,,,,,,,,,$572M,1,,,,,,,
,,,,,,,,,,,Ximalaya FM,1,,,,,,,
,,,,,,,,,,,$71M,1,,,,,,,
,,,,,,,,,,,Xinchao Media,1,,,,,,,
,,,,,,,,,,,$768M,1,,,,,,,
,,,,,,,,,,,Xingsheng Selected,1,,,,,,,
,,,,,,,,,,,$5B,1,,,,,,,
,,,,,,,,,,,Xingyun Group,1,,,,,,,
,,,,,,,,,,,$950M,1,,,,,,,
,,,,,,,,,,,Xpressbees,1,,,,,,,
,,,,,,,,,,,$573M,1,,,,,,,
,,,,,,,,,,,XtalPi,1,,,,,,,
,,,,,,,,,,,$786M,1,,,,,,,
,,,,,,,,,,,Yanolja,1,,,,,,,
,,,,,,,,,,,$2B,1,,,,,,,
,,,,,,,,,,,Yaoshibang,1,,,,,,,
,,,,,,,,,,,$496M,1,,,,,,,
,,,,,,,,,,,Yello Mobile,1,,,,,,,
,,,,,,,,,,,$216M,1,,,,,,,
,,,,,,,,,,,YH Global,1,,,,,,,
,,,,,,,,,,,$182M,1,,,,,,,
,,,,,,,,,,,Yidian Zixun,1,,,,,,,
,,,,,,,,,,,$151M,1,,,,,,,
,,,,,,,,,,,Yiguo,1,,,,,,,
,,,,,,,,,,,$800M,1,,,,,,,
,,,,,,,,,,,Yijiupi,1,,,,,,,
,,,,,,,,,,,$511M,1,,,,,,,
,,,,,,,,,,,Yimidida,1,,,,,,,
,,,,,,,,,,,$554M,1,,,,,,,
,,,,,,,,,,,Yipin Shengxian,1,,,,,,,
,,,,,,,,,,,$658M,1,,,,,,,
,,,,,,,,,,,YipitData,1,,,,,,,
,,,,,,,,,,,$492M,1,,,,,,,
,,,,,,,,,,,YITU Technology,1,,,,,,,
,,,,,,,,,,,$401M,1,,,,,,,
,,,,,,,,,,,Yixia,1,,,,,,,
,,,,,,,,,,,$775M,1,,,,,,,
,,,,,,,,,,,Ynsect,1,,,,,,,
,,,,,,,,,,,$393M,1,,,,,,,
,,,,,,,,,,,Yotpo,1,,,,,,,
,,,,,,,,,,,$436M,1,,,,,,,
,,,,,,,,,,,Youxia Motors,1,,,,,,,
,,,,,,,,,,,$1B,1,,,,,,,
,,,,,,,,,,,Yuanfudao,1,,,,,,,
,,,,,,,,,,,$4B,1,,,,,,,
,,,,,,,,,,,Yuga Labs,1,,,,,,,
,,,,,,,,,,,$450M,1,,,,,,,
,,,,,,,,,,,YugaByte,1,,,,,,,
,,,,,,,,,,,$291M,1,,,,,,,
,,,,,,,,,,,YunQuNa,1,,,,,,,
,,,,,,,,,,,$207M,1,,,,,,,
,,,,,,,,,,,Yunxuetang,1,,,,,,,
,,,,,,,,,,,$389M,1,,,,,,,
,,,,,,,,,,,Zapier,1,,,,,,,
,,,,,,,,,,,$1M,1,,,,,,,
,,,,,,,,,,,Zego,1,,,,,,,
,,,,,,,,,,,$202M,1,,,,,,,
,,,,,,,,,,,ZenBusiness,1,,,,,,,
,,,,,,,,,,,$275M,1,,,,,,,
,,,,,,,,,,,Zenoti,1,,,,,,,
,,,,,,,,,,,$331M,1,,,,,,,
,,,,,,,,,,,ZEPZ,1,,,,,,,
,,,,,,,,,,,$655M,1,,,,,,,
,,,,,,,,,,,Zeta,1,,,,,,,
,,,,,,,,,,,$340M,1,,,,,,,
,,,,,,,,,,,Zetwerk,1,,,,,,,
,,,,,,,,,,,$543M,1,,,,,,,
,,,,,,,,,,,Zhaogang,1,,,,,,,
,,,,,,,,,,,$379M,1,,,,,,,
,,,,,,,,,,,Zhuan Zhuan,1,,,,,,,
,,,,,,,,,,,$990M,1,,,,,,,
,,,,,,,,,,,Zhubajie,1,,,,,,,
,,,,,,,,,,,$445M,1,,,,,,,
,,,,,,,,,,,Zihaiguo,1,,,,,,,
,,,,,,,,,,,$80M,1,,,,,,,
,,,,,,,,,,,Zilch,1,,,,,,,
,,,,,,,,,,,$339M,1,,,,,,,
,,,,,,,,,,,Zipline,1,,,,,,,
,,,,,,,,,,,$483M,1,,,,,,,
,,,,,,,,,,,Ziroom,1,,,,,,,
,,,,,,,,,,,$2B,1,,,,,,,
,,,,,,,,,,,ZocDoc,1,,,,,,,
,,,,,,,,,,,$374M,1,,,,,,,
,,,,,,,,,,,ZongMu Technology,1,,,,,,,
,,,,,,,,,,,$376M,1,,,,,,,
,,,,,,,,,,,Zopa,1,,,,,,,
,,,,,,,,,,,$792M,1,,,,,,,
,,,,,,,,,,,Zume,1,,,,,,,
,,,,,,,,,,,$423M,1,,,,,,,
,,,,,,,,,,,Zuoyebang,1,,,,,,,
,,,,,,,,,,,$3B,1,,,,,,,
,,,,,,,,,,,Zwift,1,,,,,,,
,,,,,,,,,,,$620M,1,,,,,,,
,,,,,,,,,,,(blank),,,,,,,,
,,,,,,,,,,,(blank),,,,,,,,
,,,,,,,,,,,Grand Total,1074,,,,,,,
